,0
0,6.4896185e-06
1,0.33449933
2,0.21860676
3,0.16252132
4,0.17752987
5,0.11994185
6,0.34111124
7,0.0015014821
8,0.14916907
9,0.241227
10,0.025557015
11,0.17542163
12,0.18425497
13,0.03890134
14,0.0090815555
15,0.0018104677
16,0.024193443
17,0.00061139197
18,0.031618357
19,0.0063809245
20,0.0017805866
21,0.07460082
22,0.016972998
23,0.10443607
24,0.51553416
25,0.08297488
26,0.3690477
27,0.018333716
28,0.010933904
29,0.023024123
30,0.016044507
31,0.03684255
32,0.020210953
33,0.00037810506
34,0.038798414
35,0.009593735
36,0.0062314486
37,0.0043520187
38,0.0031693405
39,0.00040526633
40,0.00053535454
41,0.014697937
42,0.0054427017
43,0.0041739945
44,0.2484272
45,0.010069372
46,0.017122235
47,0.0095462315
48,0.00020282836
49,8.102558e-05
50,0.6924632
51,0.015482158
52,0.06476805
53,0.021925824
54,0.000496314
55,0.024090754
56,0.07871856
57,0.089898795
58,0.13345394
59,0.037238836
60,0.028078869
61,0.014121214
62,0.007042344
63,0.0014763229
64,0.0012988524
65,0.0034969756
66,0.0020346816
67,7.8469435e-05
68,0.0016847225
69,0.0010367272
70,0.000887702
71,0.0017669944
72,0.0008771126
73,0.00058645237
74,5.6168225e-05
75,0.0034018694
76,0.004331712
77,0.0046055797
78,0.0014251685
79,0.0034186635
80,0.055942424
81,3.671359e-06
82,0.011826945
83,0.0031307645
84,0.00013465737
85,0.0016526714
86,2.7449282e-06
87,0.0011125364
88,0.00062501116
89,0.00042949134
90,0.00032556828
91,0.00026191876
92,0.00021892869
93,0.0018951945
94,0.0009046541
95,0.00039975392
96,0.00024947824
97,0.0101777045
98,0.002435149
99,0.000755063
100,0.00038316048
101,0.00024719874
102,0.00018505997
103,0.00015068709
104,0.025724206
105,0.00016035017
106,0.00053596095
107,0.0014880045
108,0.00062974374
109,0.00036514568
110,0.00016350823
111,0.00048892567
112,0.00015320555
113,0.0004721009
114,0.000167974
115,0.00044634272
116,0.0002290856
117,0.00015352413
118,0.0003147143
119,0.0003308668
120,0.00017483947
121,0.000120542245
122,9.5467396e-05
123,8.186982e-05
124,7.335179e-05
125,6.741722e-05
126,0.011354519
127,0.0019635179
128,0.00056320947
129,0.00026410446
130,0.00025399844
131,0.000362893
132,0.00018385549
133,0.0001220442
134,9.368648e-05
135,0.00039082696
136,0.00027212113
137,0.00013946633
138,9.459754e-05
139,0.0003995785
140,0.00015457121
141,0.00038828782
142,0.00017654935
143,0.000109646004
144,0.0003836298
145,0.0002696375
146,0.00013515471
147,9.0235066e-05
148,7.0400776e-05
149,6.0158232e-05
150,0.00045250228
151,0.0002321051
152,0.000116058116
153,7.796282e-05
154,0.018299123
155,0.007832166
156,0.0056529413
157,5.8244874e-05
158,1.24974695e-05
159,0.007178933
160,0.0032974284
161,4.647958e-06
162,0.00087458605
163,0.00040185297
164,0.000170996
165,0.00045183528
166,0.000230042
167,0.01712843
168,0.0033891294
169,0.0008773532
170,0.00039061563
171,0.00022527222
172,0.00015425225
173,0.0056319917
174,5.9481023e-05
175,0.00085110357
176,0.00034424162
177,0.00021804756
178,0.00038672646
179,0.00019166495
180,0.00012412058
181,0.002265886
182,0.0036123705
183,0.001817393
184,2.5941947e-05
185,0.0006027798
186,0.00027080884
187,0.00025145218
188,0.0003608051
189,0.00023170856
190,0.00036246385
191,0.00023652159
192,0.00035457694
193,0.00024254035
194,9.93472e-05
195,0.0004463548
196,0.0001997828
197,0.000121233716
198,8.793097e-05
199,7.104777e-05
200,0.00043291342
201,0.0017377908
202,0.0008559568
203,2.7349892e-05
204,0.0007858049
205,0.00011844978
206,0.00046196263
207,0.00021605135
208,0.0001339688
209,9.7300945e-05
210,0.0003919734
211,0.00015143387
212,0.0043742955
213,0.0015848542
214,0.00048606002
215,0.00017933872
216,0.0004066125
217,0.005172505
218,0.0014227281
219,5.258819e-05
220,2.8311895e-05
221,2.2087721e-05
222,0.00058659253
223,0.00015704552
224,6.337549e-05
225,0.0005067106
226,0.00018257025
227,0.0013876804
228,0.00095584715
229,0.00034887125
230,0.00018518431
231,0.00030934595
232,0.000117222415
233,0.00043108637
234,0.00021491127
235,9.0040485e-05
236,0.00045726463
237,0.00020368915
238,0.00012287257
239,0.00036911533
240,0.00014388196
241,0.00039608715
242,0.00017741327
243,0.00010801914
244,7.883422e-05
245,6.4202104e-05
246,5.5669305e-05
247,5.010227e-05
248,4.6178215e-05
249,0.0004860051
250,0.00021192314
251,0.00033981426
252,0.00027146534
253,0.00030207486
254,0.00029418364
255,0.002075489
256,0.0006925434
257,0.00025325717
258,0.00013559741
259,9.067825e-05
260,0.0004104242
261,0.0002507994
262,0.00030729105
263,0.0002948093
264,0.00013826047
265,8.762121e-05
266,0.0024135835
267,0.00059492467
268,0.00022178578
269,0.0001207224
270,8.1952014e-05
271,0.006062585
272,0.0011433281
273,0.0003605159
274,0.00017518079
275,0.00033059128
276,0.00029424654
277,0.00014285253
278,9.20833e-05
279,0.00041146862
280,0.0001650333
281,0.0003692692
282,0.00016291012
283,9.832567e-05
284,7.158625e-05
285,0.0061195516
286,0.001125619
287,0.0003541312
288,0.00017179752
289,0.017630016
290,0.00076846767
291,0.0013308364
292,0.0004865949
293,0.0002500882
294,0.00015878405
295,0.010768036
296,0.002138545
297,0.00061110617
298,0.000281821
299,0.046687886
300,0.009014096
301,0.0017272199
302,0.0007077792
303,0.00038008514
304,0.00024299441
305,0.00017265951
306,0.017332967
307,0.0033509438
308,0.0007697338
309,0.0013729051
310,0.00050402596
311,0.00026760544
312,0.00017311006
313,0.00012675478
314,0.00010011113
315,0.0058915173
316,4.0078103e-05
317,0.0007939841
318,0.057522338
319,0.012324919
320,0.0021286667
321,0.0008752902
322,0.00047049831
323,0.00029897844
324,0.00021000468
325,0.00015753243
326,0.00012395668
327,0.0022262384
328,0.0006915153
329,0.0002720731
330,0.00015323804
331,0.00010543172
332,8.2315484e-05
333,0.0060145822
334,0.0011736043
335,0.00037749615
336,0.00018694745
337,0.000118062104
338,8.7596e-05
339,7.144424e-05
340,0.0024400724
341,0.00059539726
342,0.00018488032
343,0.0014328267
344,2.4589217e-06
345,0.00069159444
346,0.00028193975
347,0.00015871528
348,0.0001087
349,0.00037860504
350,0.0016566096
351,0.0008250629
352,0.00029819596
353,0.00015764755
354,0.00010418245
355,0.00038851646
356,0.00026575904
357,0.00013173597
358,8.6687745e-05
359,6.667555e-05
360,5.628028e-05
361,5.005768e-05
362,4.5913508e-05
363,4.2942916e-05
364,4.0707564e-05
365,0.0005008942
366,0.00020383677
367,9.927563e-05
368,6.578916e-05
369,5.1720934e-05
370,4.489495e-05
371,4.106739e-05
372,3.8642436e-05
373,3.6956066e-05
374,3.5704434e-05
375,3.4734036e-05
376,0.0026439307
377,0.000514576
378,0.00018748734
379,0.000101032005
380,6.8835056e-05
381,0.0024860348
382,0.00056735147
383,0.00020925449
384,0.0003235479
385,0.00028712745
386,0.00013536187
387,8.591682e-05
388,0.00042386746
389,0.00024023389
390,0.000116469746
391,7.5851545e-05
392,5.8264668e-05
393,4.9382637e-05
394,0.0004828776
395,0.00021144871
396,0.026120203
397,0.0022573052
398,0.00471061
399,0.0011862124
400,0.0005163131
401,0.0002904898
402,0.00019174631
403,0.00013955461
404,0.00010830821
405,8.802364e-05
406,7.412472e-05
407,6.423353e-05
408,5.6994002e-05
409,5.1578096e-05
410,4.745348e-05
411,4.4264645e-05
412,4.176643e-05
413,3.97861e-05
414,3.8198832e-05
415,3.6913287e-05
416,3.5861813e-05
417,3.4993354e-05
418,3.4269142e-05
419,3.3659497e-05
420,3.314168e-05
421,3.2697622e-05
422,3.2313754e-05
423,3.1978772e-05
424,3.168423e-05
425,3.1423024e-05
426,3.118972e-05
427,3.0979892e-05
428,3.07899e-05
429,3.0616815e-05
430,3.0458226e-05
431,3.0312212e-05
432,3.0177087e-05
433,3.0051557e-05
434,0.0005360184
435,0.00018475899
436,8.799633e-05
437,5.7698413e-05
438,4.53003e-05
439,3.948836e-05
440,3.6358953e-05
441,3.445665e-05
442,3.3182347e-05
443,3.2266365e-05
444,3.1575535e-05
445,3.1037554e-05
446,3.060931e-05
447,3.0262885e-05
448,2.9978995e-05
449,0.00053682714
450,0.00022671412
451,0.0003062364
452,0.00029593837
453,0.00028852987
454,0.00012995202
455,8.019444e-05
456,5.948558e-05
457,4.932942e-05
458,4.355853e-05
459,3.988507e-05
460,0.002614802
461,0.00052331394
462,0.00019043585
463,0.000102099475
464,6.905723e-05
465,5.4317097e-05
466,4.656041e-05
467,0.0025779547
468,0.0005363544
469,0.00019612511
470,0.000105399304
471,7.126674e-05
472,5.5932163e-05
473,4.7802827e-05
474,4.288711e-05
475,3.9612525e-05
476,3.728178e-05
477,3.55485e-05
478,0.006403199
479,0.0010298158
480,0.00031597354
481,0.00015021091
482,9.253403e-05
483,6.80889e-05
484,0.02698748
485,0.0013719065
486,0.0015521593
487,0.0005474329
488,0.00027321232
489,0.00016940333
490,0.000120342906
491,9.303863e-05
492,7.6049684e-05
493,6.466643e-05
494,5.6651883e-05
495,5.081202e-05
496,4.644943e-05
497,4.312761e-05
498,4.055926e-05
499,3.854763e-05
500,3.695401e-05
501,3.5678484e-05
502,3.464762e-05
503,3.3806642e-05
504,3.3114284e-05
505,3.2539218e-05
506,3.2057218e-05
507,3.164971e-05
508,3.130222e-05
509,3.1003165e-05
510,3.074381e-05
511,3.0516907e-05
512,3.0316876e-05
513,3.0139128e-05
514,2.9980172e-05
515,2.9836869e-05
516,0.0005369831
517,0.00018415494
518,8.7579894e-05
519,5.7356643e-05
520,4.4995108e-05
521,3.9203038e-05
522,3.6086432e-05
523,3.419378e-05
524,3.2927644e-05
525,3.2019037e-05
526,3.1335203e-05
527,3.0803836e-05
528,3.0382174e-05
529,3.0042003e-05
530,2.9764205e-05
531,2.9534987e-05
532,2.9343773e-05
533,2.9182733e-05
534,2.9045774e-05
535,2.8928218e-05
536,2.8826204e-05
537,2.873684e-05
538,2.8657983e-05
539,2.858755e-05
540,2.8524353e-05
541,0.00054232427
542,0.00018113972
543,8.566382e-05
544,5.5885605e-05
545,4.3752323e-05
546,3.8095117e-05
547,3.507063e-05
548,3.3248354e-05
549,3.204004e-05
550,3.1181185e-05
551,3.054117e-05
552,0.0005355331
553,0.00018433371
554,0.0022944207
555,0.00060038565
556,0.00021237132
557,0.000111072426
558,7.3598756e-05
559,5.6932946e-05
560,4.8163758e-05
561,4.2897114e-05
562,3.9413386e-05
563,3.695177e-05
564,3.513518e-05
565,3.3755798e-05
566,3.268791e-05
567,3.1849842e-05
568,3.1184914e-05
569,3.0652765e-05
570,3.022328e-05
571,2.987406e-05
572,0.09573883
573,0.0169588
574,0.0024394402
575,0.0009705977
576,0.00050356134
577,0.00030967724
578,0.00021125872
579,0.00015452274
580,0.000119029566
581,9.5561765e-05
582,7.94084e-05
583,6.79394e-05
584,5.9590115e-05
585,5.3384843e-05
586,4.869125e-05
587,4.5087003e-05
588,4.2281787e-05
589,4.0072246e-05
590,3.831245e-05
591,3.689632e-05
592,3.5745667e-05
593,3.480185e-05
594,3.4020486e-05
595,3.3367953e-05
596,3.281814e-05
597,3.235086e-05
598,3.1950465e-05
599,3.1604366e-05
600,3.1302985e-05
601,3.1038388e-05
602,3.0804375e-05
603,3.0595947e-05
604,0.0064570056
605,0.0010120932
606,0.00030906752
607,0.0001465536
608,9.02989e-05
609,0.0004187106
610,0.00024219873
611,0.000116865
612,7.570234e-05
613,5.786228e-05
614,4.8841794e-05
615,4.358523e-05
616,4.0168852e-05
617,3.7771468e-05
618,3.6001114e-05
619,3.4649398e-05
620,3.3594075e-05
621,3.275674e-05
622,3.2083855e-05
623,3.1537544e-05
624,3.1089614e-05
625,3.0718886e-05
626,3.0409341e-05
627,3.0148532e-05
628,0.00053605123
629,0.00018452945
630,8.773457e-05
631,5.7420682e-05
632,4.501019e-05
633,3.9187038e-05
634,3.6048616e-05
635,3.4140234e-05
636,3.2862637e-05
637,3.1945678e-05
638,3.125578e-05
639,3.0720465e-05
640,3.0296065e-05
641,2.995445e-05
642,2.9676128e-05
643,2.9446892e-05
644,2.9256345e-05
645,2.9096256e-05
646,2.8960683e-05
647,2.8844666e-05
648,2.8744445e-05
649,2.8656976e-05
650,2.8580036e-05
651,2.8511737e-05
652,2.845057e-05
653,2.839543e-05
654,2.834519e-05
655,2.829929e-05
656,2.8256974e-05
657,2.8217817e-05
658,2.8181414e-05
659,2.814739e-05
660,2.8115433e-05
661,2.8085495e-05
662,2.805704e-05
663,2.803018e-05
664,2.8004726e-05
665,2.798054e-05
666,2.7957547e-05
667,2.7935448e-05
668,2.7914515e-05
669,2.7894403e-05
670,2.7875247e-05
671,2.7856795e-05
672,0.00054508384
673,0.00017960324
674,8.469208e-05
675,5.5142118e-05
676,4.312545e-05
677,3.7536596e-05
678,3.455852e-05
679,3.277142e-05
680,3.15919e-05
681,3.0757546e-05
682,3.0139081e-05
683,0.0005371554
684,0.00018339964
685,8.6756845e-05
686,0.018387238
687,0.002900937
688,0.0007053126
689,0.0002941288
690,0.0001617527
691,0.00010811643
692,8.1560494e-05
693,6.630353e-05
694,0.00044527318
695,0.024495246
696,0.0048243976
697,0.0010669625
698,6.0193695e-05
699,0.00055848045
700,0.00026063473
701,0.00015874792
702,0.000112194066
703,8.711058e-05
704,7.177743e-05
705,6.156931e-05
706,5.4379485e-05
707,4.9121107e-05
708,4.5172972e-05
709,4.215062e-05
710,3.9801278e-05
711,3.795184e-05
712,3.647967e-05
713,3.529597e-05
714,3.433514e-05
715,3.354802e-05
716,3.2897384e-05
717,3.235481e-05
718,3.189846e-05
719,3.1511212e-05
720,3.117979e-05
721,3.0893767e-05
722,3.064484e-05
723,3.0426536e-05
724,3.0233614e-05
725,3.0061765e-05
726,2.9907626e-05
727,2.9768615e-05
728,2.9642313e-05
729,2.9526991e-05
730,2.9421111e-05
731,2.9323366e-05
732,0.002687372
733,0.00049698673
734,0.00023290866
735,0.00032202757
736,0.00014127187
737,8.538652e-05
738,6.24056e-05
739,5.1211482e-05
740,4.487927e-05
741,4.0862233e-05
742,3.8098475e-05
743,3.609076e-05
744,3.4579487e-05
745,3.3414723e-05
746,3.250195e-05
747,3.177764e-05
748,3.119703e-05
749,3.0727282e-05
750,3.0344063e-05
751,3.0028668e-05
752,2.9766987e-05
753,2.9547924e-05
754,2.9363022e-05
755,2.920549e-05
756,2.9070157e-05
757,2.8952787e-05
758,2.8850161e-05
759,2.8759658e-05
760,2.867915e-05
761,2.8607064e-05
762,2.8542065e-05
763,2.8482926e-05
764,2.8428927e-05
765,2.8379287e-05
766,2.833329e-05
767,2.829067e-05
768,2.8250952e-05
769,2.8213759e-05
770,2.8178803e-05
771,2.8145872e-05
772,2.8114828e-05
773,2.8085426e-05
774,2.8057506e-05
775,2.803097e-05
776,2.8005677e-05
777,2.7981609e-05
778,2.7958638e-05
779,2.7936745e-05
780,2.79157e-05
781,2.7895563e-05
782,2.7876267e-05
783,2.7857839e-05
784,0.0064953216
785,0.0009968443
786,0.00030182095
787,0.00014184379
788,8.6771004e-05
789,6.370671e-05
790,5.2132542e-05
791,4.543225e-05
792,4.112141e-05
793,3.8137518e-05
794,3.5969373e-05
795,3.4342807e-05
796,3.3096192e-05
797,3.21262e-05
798,3.1362815e-05
799,3.075662e-05
800,3.027134e-05
801,2.9879917e-05
802,2.9562008e-05
803,2.9301873e-05
804,2.908749e-05
805,2.8909517e-05
806,0.0005410475
807,0.00018170502
808,8.593945e-05
809,5.604201e-05
810,4.384457e-05
811,0.00050386874
812,0.00019780333
813,9.3869225e-05
814,6.0937327e-05
815,4.724727e-05
816,4.067829e-05
817,3.7049296e-05
818,3.479527e-05
819,3.326547e-05
820,3.2161082e-05
821,3.1330852e-05
822,3.068988e-05
823,3.0186304e-05
824,2.9785484e-05
825,2.9463336e-05
826,2.9202189e-05
827,0.00054005976
828,0.00018216153
829,8.6177846e-05
830,5.6191657e-05
831,0.00048373552
832,0.00020526104
833,9.696352e-05
834,6.263275e-05
835,4.8335554e-05
836,4.1445328e-05
837,3.7619135e-05
838,3.5231766e-05
839,0.037855953
840,0.0014603669
841,0.00020008256
842,0.0028295217
843,0.0009209631
844,0.00045146304
845,0.00027220068
846,0.0001860719
847,0.00013765358
848,0.00010756381
849,0.00229315
850,0.00065619976
851,0.00025282838
852,0.00013988142
853,9.506029e-05
854,7.369765e-05
855,0.00043129481
856,0.00024110769
857,0.00031399884
858,0.00029023792
859,0.0020777013
860,0.0006927036
861,0.0002536265
862,0.00013581754
863,9.0771566e-05
864,6.996181e-05
865,5.8586367e-05
866,5.1521405e-05
867,4.672167e-05
868,4.325968e-05
869,4.0662242e-05
870,3.866081e-05
871,3.7088892e-05
872,3.5836045e-05
873,3.482535e-05
874,3.4001077e-05
875,3.3321878e-05
876,3.275689e-05
877,3.228228e-05
878,0.0005279466
879,0.00018907452
880,9.0570684e-05
881,5.9561913e-05
882,4.6792004e-05
883,4.0754257e-05
884,3.746834e-05
885,3.5447505e-05
886,3.4078577e-05
887,3.3084318e-05
888,3.232731e-05
889,0.00052854646
890,0.0001883644
891,8.9933965e-05
892,5.8956903e-05
893,4.6202513e-05
894,4.017244e-05
895,3.6893412e-05
896,3.4881217e-05
897,0.0005213634
898,0.00019156902
899,9.1499016e-05
900,0.002451106
901,0.0005657471
902,0.00020440324
903,0.000108791
904,7.30088e-05
905,5.6968478e-05
906,4.8474107e-05
907,4.334328e-05
908,3.9930652e-05
909,3.750628e-05
910,3.5707606e-05
911,3.433426e-05
912,3.326489e-05
913,3.242011e-05
914,3.1745218e-05
915,3.1200783e-05
916,3.0757546e-05
917,3.03937e-05
918,0.00053535134
919,0.00018479225
920,8.782979e-05
921,5.7446905e-05
922,4.4999382e-05
923,3.915271e-05
924,3.599803e-05
925,0.00051918684
926,0.00019218547
927,9.16057e-05
928,5.9806556e-05
929,4.6635563e-05
930,4.035516e-05
931,3.690907e-05
932,3.4779547e-05
933,3.3337543e-05
934,3.2296008e-05
935,3.1510743e-05
936,3.090192e-05
937,3.0420651e-05
938,3.0034877e-05
939,2.9722296e-05
940,2.946646e-05
941,2.9255252e-05
942,2.9079274e-05
943,0.0005403074
944,0.0002288305
945,0.0003039905
946,0.00012910723
947,7.656087e-05
948,5.5802248e-05
949,4.6109097e-05
950,4.0840703e-05
951,3.7605532e-05
952,3.543017e-05
953,3.3872806e-05
954,3.271081e-05
955,3.181991e-05
956,3.11242e-05
957,3.0573774e-05
958,3.0133728e-05
959,2.9778847e-05
960,2.9490326e-05
961,2.9253802e-05
962,2.9058463e-05
963,2.8895822e-05
964,2.8759257e-05
965,2.8643553e-05
966,2.8544739e-05
967,2.8459634e-05
968,2.838563e-05
969,2.8320761e-05
970,2.8263417e-05
971,2.8212315e-05
972,2.8166496e-05
973,2.8125025e-05
974,2.8087288e-05
975,2.8052713e-05
976,2.8020999e-05
977,2.7991551e-05
978,2.796428e-05
979,2.7938673e-05
980,2.7914724e-05
981,2.7892247e-05
982,2.7871005e-05
983,2.7850954e-05
984,2.7831979e-05
985,2.7813956e-05
986,2.7796752e-05
987,0.0005453437
988,0.00017945394
989,8.459476e-05
990,5.5065513e-05
991,4.3059346e-05
992,3.7476464e-05
993,3.4502216e-05
994,0.0005245627
995,0.00018906764
996,8.964048e-05
997,5.831197e-05
998,4.5384782e-05
999,3.9249604e-05
1000,3.590277e-05
1001,3.3848628e-05
1002,3.2467837e-05
1003,3.147809e-05
1004,3.0737945e-05
1005,3.0168885e-05
1006,2.9723396e-05
1007,2.9370181e-05
1008,2.9087349e-05
1009,2.8859056e-05
1010,2.867341e-05
1011,2.8521423e-05
1012,2.83959e-05
1013,2.8291604e-05
1014,2.8204291e-05
1015,2.8130524e-05
1016,2.8067716e-05
1017,2.8013837e-05
1018,2.7967253e-05
1019,2.792649e-05
1020,2.789076e-05
1021,2.7858972e-05
1022,2.7830703e-05
1023,2.7805203e-05
1024,2.7782096e-05
1025,2.7761105e-05
1026,2.7741835e-05
1027,2.7724052e-05
1028,2.7707662e-05
1029,0.00054573437
1030,0.00017922776
1031,8.44461e-05
1032,5.4948257e-05
1033,4.2957567e-05
1034,3.7383503e-05
1035,3.441516e-05
1036,0.0026557415
1037,3.7354777e-05
1038,0.00046960812
1039,0.00018574398
1040,0.00010293637
1041,7.088885e-05
1042,5.5930097e-05
1043,4.7736994e-05
1044,4.2667754e-05
1045,3.9248116e-05
1046,3.68032e-05
1047,3.4987224e-05
1048,3.360413e-05
1049,3.253225e-05
1050,3.169098e-05
1051,3.1024247e-05
1052,3.0491368e-05
1053,3.0062223e-05
1054,2.9714085e-05
1055,2.9429619e-05
1056,2.9195498e-05
1057,0.0026895965
1058,4.045657e-05
1059,0.00046206513
1060,0.00018235954
1061,0.00010106091
1062,6.9729824e-05
1063,5.517444e-05
1064,4.723698e-05
1065,4.2341828e-05
1066,3.904518e-05
1067,3.6689322e-05
1068,3.4938592e-05
1069,3.360357e-05
1070,3.2567204e-05
1071,0.0026637695
1072,0.0005052747
1073,0.00018217131
1074,9.71525e-05
1075,6.565494e-05
1076,5.1763236e-05
1077,4.4540884e-05
1078,4.0249804e-05
1079,3.7430236e-05
1080,3.5442565e-05
1081,3.3974167e-05
1082,3.2855438e-05
1083,3.19856e-05
1084,3.129915e-05
1085,3.075141e-05
1086,3.031011e-05
1087,2.995159e-05
1088,2.9657973e-05
1089,2.9415587e-05
1090,2.921377e-05
1091,2.9044473e-05
1092,2.8901157e-05
1093,0.00054096803
1094,0.00018180562
1095,8.603359e-05
1096,5.6134195e-05
1097,4.3936707e-05
1098,3.823961e-05
1099,3.5187077e-05
1100,3.3343655e-05
1101,3.211869e-05
1102,3.124625e-05
1103,3.0595023e-05
1104,3.009387e-05
1105,2.97002e-05
1106,2.9386394e-05
1107,2.9133456e-05
1108,2.892777e-05
1109,2.8758974e-05
1110,2.8619326e-05
1111,2.8502802e-05
1112,2.8404653e-05
1113,2.8321418e-05
1114,2.825002e-05
1115,2.8188317e-05
1116,2.813453e-05
1117,2.8087195e-05
1118,2.80452e-05
1119,2.8007562e-05
1120,2.7973732e-05
1121,2.7943015e-05
1122,2.7914932e-05
1123,2.7889162e-05
1124,2.7865279e-05
1125,2.7843193e-05
1126,2.7822525e-05
1127,2.780321e-05
1128,2.7785038e-05
1129,2.7767934e-05
1130,2.7751783e-05
1131,2.773647e-05
1132,2.7722017e-05
1133,2.770819e-05
1134,2.769504e-05
1135,2.7682516e-05
1136,2.7670525e-05
1137,2.765907e-05
1138,2.764812e-05
1139,2.7637641e-05
1140,2.7627597e-05
1141,2.7617953e-05
1142,2.7608698e-05
1143,2.7599839e-05
1144,2.7591255e-05
1145,2.7583092e-05
1146,2.7575157e-05
1147,2.7567572e-05
1148,2.7560287e-05
1149,2.7553233e-05
1150,2.7546432e-05
1151,2.7539978e-05
1152,2.7533712e-05
1153,2.7527603e-05
1154,2.7521775e-05
1155,2.75162e-05
1156,2.7510765e-05
1157,2.7505534e-05
1158,0.0027042632
1159,0.0004897538
1160,0.000174641
1161,9.240371e-05
1162,6.221921e-05
1163,4.9051698e-05
1164,4.2289095e-05
1165,3.8320683e-05
1166,3.57427e-05
1167,3.3943536e-05
1168,0.00052493054
1169,0.00018928926
1170,8.9913934e-05
1171,5.8555925e-05
1172,4.559739e-05
1173,3.943669e-05
1174,3.6068865e-05
1175,3.3997105e-05
1176,3.2600994e-05
1177,3.1597923e-05
1178,3.0846044e-05
1179,3.026675e-05
1180,2.9812118e-05
1181,2.9450777e-05
1182,2.9160698e-05
1183,2.8925999e-05
1184,2.873463e-05
1185,0.0005418434
1186,0.00018121958
1187,8.5611515e-05
1188,5.5777713e-05
1189,4.3612486e-05
1190,3.793301e-05
1191,3.4892215e-05
1192,3.305818e-05
1193,3.184171e-05
1194,3.0977448e-05
1195,3.033429e-05
1196,2.9841043e-05
1197,2.9455161e-05
1198,2.9149009e-05
1199,2.8903685e-05
1200,2.8705399e-05
1201,2.8543824e-05
1202,0.0026953137
1203,0.00049328833
1204,0.00017641703
1205,9.3563256e-05
1206,6.308632e-05
1207,4.9757895e-05
1208,4.289312e-05
1209,3.885243e-05
1210,3.6219644e-05
1211,3.437694e-05
1212,0.002652246
1213,0.00050900143
1214,0.00018362995
1215,9.786511e-05
1216,6.6029694e-05
1217,5.195396e-05
1218,4.4617205e-05
1219,4.0249386e-05
1220,3.7376627e-05
1221,3.535159e-05
1222,0.0026448334
1223,0.00051199214
1224,0.0001851294
1225,9.8840304e-05
1226,6.675436e-05
1227,5.253932e-05
1228,4.511343e-05
1229,4.0682433e-05
1230,3.776181e-05
1231,3.5698868e-05
1232,3.4173423e-05
1233,3.301093e-05
1234,3.2106967e-05
1235,3.139398e-05
1236,3.0825195e-05
1237,3.0367386e-05
1238,2.9995783e-05
1239,2.969161e-05
1240,2.9440791e-05
1241,2.9232311e-05
1242,2.9057586e-05
1243,2.8909895e-05
1244,2.8784036e-05
1245,2.867595e-05
1246,2.8582243e-05
1247,2.8500388e-05
1248,2.842825e-05
1249,0.0005427735
1250,0.0001808604
1251,8.547038e-05
1252,5.572617e-05
1253,4.3609325e-05
1254,3.7960657e-05
1255,3.494142e-05
1256,3.3123026e-05
1257,3.191798e-05
1258,0.0005313017
1259,0.00018626341
1260,8.8341e-05
1261,5.7578418e-05
1262,4.4933153e-05
1263,3.8964823e-05
1264,3.5728342e-05
1265,3.375202e-05
1266,3.2427637e-05
1267,3.1479445e-05
1268,3.0769945e-05
1269,3.02234e-05
1270,2.9794377e-05
1271,2.9452895e-05
1272,2.9178367e-05
1273,2.8955601e-05
1274,2.8773506e-05
1275,2.8623439e-05
1276,2.8498702e-05
1277,2.8394215e-05
1278,2.8305973e-05
1279,2.8230836e-05
1280,2.8166218e-05
1281,2.811024e-05
1282,2.8061344e-05
1283,2.8018252e-05
1284,2.7979935e-05
1285,2.7945733e-05
1286,2.7914793e-05
1287,2.7886703e-05
1288,2.7861082e-05
1289,2.7837585e-05
1290,2.7815831e-05
1291,2.7795662e-05
1292,2.7776841e-05
1293,2.7759277e-05
1294,2.7742739e-05
1295,2.772722e-05
1296,0.0005456451
1297,0.00017928128
1298,8.448239e-05
1299,5.497743e-05
1300,4.298336e-05
1301,3.74074e-05
1302,3.443781e-05
1303,3.2657033e-05
1304,3.1482843e-05
1305,3.0652936e-05
1306,3.0038487e-05
1307,2.956953e-05
1308,2.9204466e-05
1309,2.8916435e-05
1310,2.8686907e-05
1311,2.850257e-05
1312,2.8353421e-05
1313,2.8232002e-05
1314,2.8132341e-05
1315,0.0005441523
1316,0.00018001544
1317,8.4895204e-05
1318,0.0004490006
1319,0.00021671833
1320,0.00010082932
1321,6.432302e-05
1322,4.9190843e-05
1323,4.1907428e-05
1324,3.7863963e-05
1325,3.534274e-05
1326,3.362888e-05
1327,3.2392687e-05
1328,3.146592e-05
1329,3.075338e-05
1330,3.0196416e-05
1331,2.9755774e-05
1332,2.940399e-05
1333,2.9121014e-05
1334,2.8891714e-05
1335,2.8704551e-05
1336,2.8550841e-05
1337,2.8423592e-05
1338,2.831754e-05
1339,2.8228504e-05
1340,2.815305e-05
1341,2.8088683e-05
1342,2.8033248e-05
1343,2.7985187e-05
1344,2.7943222e-05
1345,2.7906208e-05
1346,2.787337e-05
1347,2.7843978e-05
1348,2.78175e-05
1349,2.779358e-05
1350,2.7771683e-05
1351,2.7751645e-05
1352,2.7733187e-05
1353,2.7716074e-05
1354,2.7700195e-05
1355,2.7685357e-05
1356,2.7671449e-05
1357,2.7658398e-05
1358,2.764609e-05
1359,2.7634478e-05
1360,2.762342e-05
1361,2.7613036e-05
1362,2.760309e-05
1363,2.7593747e-05
1364,2.7584727e-05
1365,2.7576149e-05
1366,2.7567987e-05
1367,2.756017e-05
1368,2.7552656e-05
1369,2.7545533e-05
1370,0.002703885
1371,0.00048991456
1372,0.00017472748
1373,9.2463706e-05
1374,6.226646e-05
1375,4.9091963e-05
1376,4.2325002e-05
1377,3.835342e-05
1378,3.577298e-05
1379,3.3971734e-05
1380,3.2652842e-05
1381,3.1656673e-05
1382,3.0888667e-05
1383,3.0288209e-05
1384,0.00053652865
1385,0.00018375249
1386,8.697443e-05
1387,5.6664412e-05
1388,4.4250417e-05
1389,3.8419374e-05
1390,3.5274945e-05
1391,3.336506e-05
1392,3.209092e-05
1393,3.1181724e-05
1394,3.0503057e-05
1395,2.998152e-05
1396,2.9572777e-05
1397,2.9248293e-05
1398,2.8988006e-05
1399,2.877737e-05
1400,2.8605678e-05
1401,2.8464696e-05
1402,2.8347995e-05
1403,2.8250719e-05
1404,2.8168992e-05
1405,2.8099763e-05
1406,2.8040597e-05
1407,2.7989669e-05
1408,2.7945498e-05
1409,2.7906764e-05
1410,2.7872627e-05
1411,2.7842243e-05
1412,2.7815046e-05
1413,2.7790476e-05
1414,2.7768212e-05
1415,2.7747896e-05
1416,2.7729231e-05
1417,2.7711982e-05
1418,2.7695942e-05
1419,2.768106e-05
1420,2.7667176e-05
1421,2.7654149e-05
1422,2.764182e-05
1423,2.7630276e-05
1424,2.7619313e-05
1425,2.7608881e-05
1426,2.7599075e-05
1427,2.7589733e-05
1428,2.758083e-05
1429,2.7572298e-05
1430,2.7564227e-05
1431,2.7556482e-05
1432,2.7549106e-05
1433,2.7542032e-05
1434,2.7535207e-05
1435,2.752871e-05
1436,2.7522468e-05
1437,2.7516477e-05
1438,2.7510743e-05
1439,2.7505168e-05
1440,2.7499893e-05
1441,2.7494782e-05
1442,2.74899e-05
1443,2.7485159e-05
1444,2.7480644e-05
1445,2.7476271e-05
1446,2.7472057e-05
1447,2.7468031e-05
1448,2.7464139e-05
1449,2.746039e-05
1450,0.0027046965
1451,0.00048956636
1452,0.00017453864
1453,9.2331706e-05
1454,6.216168e-05
1455,4.9002098e-05
1456,4.22445e-05
1457,3.8279402e-05
1458,3.5704117e-05
1459,3.390706e-05
1460,3.259179e-05
1461,3.159864e-05
1462,3.0833457e-05
1463,3.0235544e-05
1464,2.9763562e-05
1465,2.9388013e-05
1466,2.908711e-05
1467,2.8844524e-05
1468,2.8647644e-05
1469,2.8486791e-05
1470,2.8354683e-05
1471,2.8245233e-05
1472,2.8154076e-05
1473,2.8077582e-05
1474,2.801279e-05
1475,2.795764e-05
1476,2.7910246e-05
1477,2.7869264e-05
1478,2.7833483e-05
1479,2.7802054e-05
1480,2.777425e-05
1481,2.7749446e-05
1482,2.772722e-05
1483,2.7707198e-05
1484,2.7688871e-05
1485,2.7672166e-05
1486,2.7656875e-05
1487,2.7642767e-05
1488,2.7629676e-05
1489,2.7617489e-05
1490,2.760609e-05
1491,2.7595408e-05
1492,2.7585398e-05
1493,2.7575943e-05
1494,2.7567088e-05
1495,0.00054632913
1496,0.00017889547
1497,8.423453e-05
1498,5.47852e-05
1499,4.2819294e-05
1500,3.725961e-05
1501,3.4300872e-05
1502,3.2528493e-05
1503,3.1360993e-05
1504,3.05369e-05
1505,2.9927585e-05
1506,2.946329e-05
1507,2.910251e-05
1508,0.0005407964
1509,0.00018159038
1510,8.5734515e-05
1511,5.5800054e-05
1512,4.358175e-05
1513,3.7869042e-05
1514,3.480584e-05
1515,3.29563e-05
1516,3.1729283e-05
1517,3.0857995e-05
1518,3.0210631e-05
1519,2.9715115e-05
1520,2.932848e-05
1521,2.9022822e-05
1522,2.8778713e-05
1523,2.8582268e-05
1524,2.84231e-05
1525,2.8293192e-05
1526,0.17981039
1527,0.9072774
1528,0.32360244
1529,0.009949303
1530,0.02054153
1531,0.0139449565
1532,0.008764552
1533,0.0055551864
1534,0.0036136177
1535,0.0024240757
1536,0.0016780527
1537,0.0011974433
1538,0.0008793019
1539,0.0006631931
1540,0.0005128409
1541,0.0004059239
1542,0.00032835794
1543,0.00027104135
1544,0.00022796015
1545,0.00019506009
1546,0.00016955694
1547,0.000149507
1548,0.00013353224
1549,0.000120641824
1550,0.000110114146
1551,0.000101416525
1552,9.415229e-05
1553,8.8021785e-05
1554,8.279697e-05
1555,7.830247e-05
1556,7.440207e-05
1557,7.09893e-05
1558,6.797987e-05
1559,6.530719e-05
1560,6.2917374e-05
1561,6.07671e-05
1562,5.882149e-05
1563,5.705157e-05
1564,5.543384e-05
1565,5.3948505e-05
1566,5.257927e-05
1567,5.1312632e-05
1568,5.0136783e-05
1569,4.9041948e-05
1570,0.0025317993
1571,0.0005676283
1572,0.00021752805
1573,0.00012282477
1574,8.660108e-05
1575,7.007719e-05
1576,0.002442988
1577,0.00059761346
1578,0.00022905263
1579,0.00012844632
1580,8.953902e-05
1581,7.153201e-05
1582,6.167521e-05
1583,5.551211e-05
1584,5.1266306e-05
1585,4.8141053e-05
1586,4.5736273e-05
1587,4.3828662e-05
1588,4.2281215e-05
1589,4.100395e-05
1590,3.9933704e-05
1591,3.9024875e-05
1592,3.8243765e-05
1593,3.7564558e-05
1594,3.6967576e-05
1595,3.6437585e-05
1596,3.5962737e-05
1597,3.5533576e-05
1598,3.5142755e-05
1599,3.4784338e-05
1600,0.01883669
1601,0.0028098635
1602,0.0006909281
1603,0.00029165283
1604,0.00016275243
1605,0.00011048625
1606,8.458058e-05
1607,6.965324e-05
1608,6.0086386e-05
1609,5.3497526e-05
1610,4.8735168e-05
1611,4.5177487e-05
1612,4.2455697e-05
1613,4.033552e-05
1614,3.8659415e-05
1615,3.73174e-05
1616,3.6230376e-05
1617,3.5340152e-05
1618,3.4603225e-05
1619,3.3986893e-05
1620,3.3465993e-05
1621,3.302125e-05
1622,3.2637738e-05
1623,3.2303695e-05
1624,3.2010117e-05
1625,3.1749696e-05
1626,3.151671e-05
1627,3.130674e-05
1628,3.1115942e-05
1629,3.094148e-05
1630,3.0781004e-05
1631,3.0632636e-05
1632,3.0494617e-05
1633,3.0365814e-05
1634,3.0245012e-05
1635,3.0131367e-05
1636,0.0026798418
1637,0.00050032773
1638,0.00018039573
1639,9.644069e-05
1640,6.543216e-05
1641,5.181573e-05
1642,4.4770837e-05
1643,4.0602423e-05
1644,3.7869962e-05
1645,3.5944384e-05
1646,3.451986e-05
1647,3.343153e-05
1648,3.2581636e-05
1649,3.190746e-05
1650,3.1365988e-05
1651,3.0926338e-05
1652,3.0565883e-05
1653,3.0267573e-05
1654,3.0018296e-05
1655,2.9808043e-05
1656,2.9628947e-05
1657,2.9474922e-05
1658,2.9341205e-05
1659,2.9223907e-05
1660,2.9120209e-05
1661,2.9027648e-05
1662,2.8944378e-05
1663,2.8868844e-05
1664,2.8799921e-05
1665,2.8736655e-05
1666,2.8678043e-05
1667,2.8623674e-05
1668,2.8572806e-05
1669,2.852515e-05
1670,2.8480325e-05
1671,2.8438013e-05
1672,2.8397937e-05
1673,2.8359967e-05
1674,2.8323824e-05
1675,2.8289338e-05
1676,2.8256438e-05
1677,2.8224955e-05
1678,2.8194869e-05
1679,2.816603e-05
1680,2.8138325e-05
1681,2.8111801e-05
1682,2.8086264e-05
1683,2.806174e-05
1684,2.803813e-05
1685,2.8015396e-05
1686,2.7993501e-05
1687,2.7972434e-05
1688,2.7952092e-05
1689,2.7932545e-05
1690,2.7913678e-05
1691,2.7895423e-05
1692,2.7877844e-05
1693,2.7860899e-05
1694,2.784449e-05
1695,2.7828664e-05
1696,2.7813423e-05
1697,2.7798673e-05
1698,2.7784457e-05
1699,2.777064e-05
1700,2.7757382e-05
1701,2.774452e-05
1702,2.7732098e-05
1703,2.7720054e-05
1704,2.770847e-05
1705,2.7697191e-05
1706,2.7686396e-05
1707,2.7675931e-05
1708,0.0027026266
1709,0.0004904634
1710,0.00017502945
1711,9.2677285e-05
1712,6.2437866e-05
1713,4.9240753e-05
1714,4.245979e-05
1715,3.84783e-05
1716,3.5890458e-05
1717,3.408317e-05
1718,3.2759148e-05
1719,3.175848e-05
1720,3.098649e-05
1721,3.0382538e-05
1722,2.9904984e-05
1723,2.9524366e-05
1724,2.9218661e-05
1725,2.8971577e-05
1726,2.8770468e-05
1727,2.8605726e-05
1728,2.8469638e-05
1729,2.8356599e-05
1730,2.8261924e-05
1731,2.8182043e-05
1732,2.8114058e-05
1733,2.8055714e-05
1734,2.8005377e-05
1735,2.7961356e-05
1736,2.7922844e-05
1737,2.7888722e-05
1738,2.7858256e-05
1739,2.7830936e-05
1740,2.7806245e-05
1741,2.7783786e-05
1742,2.7763259e-05
1743,2.7744285e-05
1744,2.7726803e-05
1745,0.027714184
1746,0.0040630936
1747,0.0008965031
1748,0.70519906
1749,0.480715
1750,0.44079778
1751,0.009730807
1752,0.028659904
1753,0.019328779
1754,0.012217756
1755,0.007820086
1756,0.005143691
1757,0.0034876908
1758,0.0024374663
1759,0.0017532663
1760,0.0012955476
1761,0.00098161
1762,0.00076129334
1763,0.0006034064
1764,0.0004880682
1765,0.0004023096
1766,0.0003374869
1767,0.00028772737
1768,0.00016498174
1769,0.0005346061
1770,0.00031654473
1771,0.0002333873
1772,0.0001907117
1773,0.00016485502
1774,0.00014695125
1775,0.00013343041
1776,0.0001226649
1777,0.00011380813
1778,0.000106362204
1779,0.00010000324
1780,9.450454e-05
1781,8.969961e-05
1782,8.546255e-05
1783,8.16956e-05
1784,7.8322286e-05
1785,7.528115e-05
1786,7.252331e-05
1787,7.000857e-05
1788,6.7704656e-05
1789,6.558458e-05
1790,6.362584e-05
1791,6.1809995e-05
1792,6.0121314e-05
1793,5.8546382e-05
1794,5.7073896e-05
1795,5.569395e-05
1796,5.4398166e-05
1797,0.67697287
1798,0.020569576
1799,0.14054665
1800,0.011515654
1801,0.011362546
1802,0.007481863
1803,0.0047915494
1804,0.0031137643
1805,0.002080722
1806,0.0014355192
1807,0.0010228851
1808,0.00075181585
1809,0.00056888827
1810,0.0004422495
1811,0.0003524861
1812,0.00028747125
1813,0.00023944133
1814,0.00020330714
1815,0.00017565998
1816,0.00015417024
1817,0.00013721763
1818,0.00012365612
1819,0.00011266277
1820,0.00010363881
1821,9.614289e-05
1822,8.984532e-05
1823,8.4497726e-05
1824,7.991103e-05
1825,0.0023553858
1826,0.00065307895
1827,0.00026450798
1828,0.0001561067
1829,0.000113099064
1830,9.264342e-05
1831,8.1080565e-05
1832,7.357951e-05
1833,6.8204725e-05
1834,6.4087304e-05
1835,6.0791375e-05
1836,5.8072987e-05
1837,5.5782042e-05
1838,5.3818465e-05
1839,5.211216e-05
1840,0.4621896
1841,0.5911171
1842,0.41056642
1843,0.00766743
1844,0.023118768
1845,0.016044594
1846,0.0101828845
1847,0.0065144654
1848,0.0042811036
1849,0.002902416
1850,0.0020303281
1851,0.0014633815
1852,0.096438825
1853,0.11617893
1854,0.099955395
1855,0.006641377
1856,0.005304821
1857,0.0035719208
1858,0.0024053883
1859,0.0016535099
1860,0.0011700517
1861,0.0008545465
1862,0.0006439986
1863,0.00049989606
1864,0.00039871628
1865,0.00032592003
1866,0.0002723467
1867,0.0002320948
1868,0.00020127291
1869,0.00017725678
1870,0.00015823972
1871,0.00014295349
1872,0.00013049245
1873,0.0001201993
1874,0.00011159121
1875,0.00010430785
1876,9.807775e-05
1877,9.269398e-05
1878,8.799712e-05
1879,8.386354e-05
1880,0.005915872
1881,0.0012476309
1882,0.0004255843
1883,0.00022540908
1884,0.00015130344
1885,0.00011775882
1886,9.949229e-05
1887,8.80063e-05
1888,8.0000325e-05
1889,7.401882e-05
1890,6.933807e-05
1891,6.555648e-05
1892,6.242867e-05
1893,5.979348e-05
1894,5.7538746e-05
1895,5.5583496e-05
1896,5.3867578e-05
1897,5.234561e-05
1898,5.0982395e-05
1899,4.975083e-05
1900,4.8629678e-05
1901,4.7602192e-05
1902,4.665461e-05
1903,4.5776316e-05
1904,4.4958502e-05
1905,4.4193937e-05
1906,4.347675e-05
1907,4.280191e-05
1908,4.2165448e-05
1909,4.1563613e-05
1910,4.099363e-05
1911,4.0452745e-05
1912,3.9938812e-05
1913,3.9449787e-05
1914,3.89839e-05
1915,3.853967e-05
1916,3.8115824e-05
1917,3.7710957e-05
1918,3.7323945e-05
1919,3.695377e-05
1920,3.659944e-05
1921,3.6260277e-05
1922,3.593533e-05
1923,3.5623845e-05
1924,3.53252e-05
1925,3.5038775e-05
1926,3.4763907e-05
1927,3.450002e-05
1928,3.4246703e-05
1929,3.400338e-05
1930,3.376955e-05
1931,3.3544893e-05
1932,3.3328924e-05
1933,3.3121254e-05
1934,3.292152e-05
1935,3.27294e-05
1936,3.254455e-05
1937,3.2366646e-05
1938,3.2195436e-05
1939,3.203057e-05
1940,3.1871827e-05
1941,3.1718922e-05
1942,3.1571613e-05
1943,3.142977e-05
1944,3.129301e-05
1945,3.116128e-05
1946,3.1034204e-05
1947,3.0911808e-05
1948,3.07937e-05
1949,3.0679832e-05
1950,3.0570012e-05
1951,3.0464043e-05
1952,3.0361869e-05
1953,3.0263272e-05
1954,3.016809e-05
1955,3.0076264e-05
1956,2.998763e-05
1957,2.990208e-05
1958,2.9819457e-05
1959,2.9739676e-05
1960,2.9662615e-05
1961,2.9588253e-05
1962,2.951635e-05
1963,2.9446963e-05
1964,2.9379895e-05
1965,2.9315068e-05
1966,2.9252498e-05
1967,2.9191986e-05
1968,2.9133456e-05
1969,2.9076904e-05
1970,2.9022325e-05
1971,2.8969518e-05
1972,2.8918417e-05
1973,2.8869013e-05
1974,2.8821323e-05
1975,2.8775134e-05
1976,2.873044e-05
1977,2.8687262e-05
1978,2.8645527e-05
1979,2.8605138e-05
1980,2.8566e-05
1981,2.85282e-05
1982,2.8491599e-05
1983,2.8456168e-05
1984,2.8421882e-05
1985,2.8388717e-05
1986,2.8356646e-05
1987,2.8325601e-05
1988,2.8295552e-05
1989,2.826643e-05
1990,2.8238235e-05
1991,2.8211007e-05
1992,2.8184539e-05
1993,2.8158991e-05
1994,2.813432e-05
1995,2.8110286e-05
1996,2.8087054e-05
1997,2.8064624e-05
1998,2.8042852e-05
1999,2.8021741e-05
2000,2.8001403e-05
2001,2.7981585e-05
2002,2.7962376e-05
2003,2.7943828e-05
2004,2.7925884e-05
2005,2.790846e-05
2006,2.7891618e-05
2007,2.7875247e-05
2008,2.7859413e-05
2009,2.784405e-05
2010,2.7829221e-05
2011,2.7814789e-05
2012,2.7800848e-05
2013,2.778735e-05
2014,2.7774204e-05
2015,2.7761522e-05
2016,2.774919e-05
2017,2.7737256e-05
2018,2.7725646e-05
2019,2.771448e-05
2020,2.7703569e-05
2021,2.769303e-05
2022,2.7682885e-05
2023,2.7672928e-05
2024,2.7663342e-05
2025,2.765408e-05
2026,2.764503e-05
2027,2.7636323e-05
2028,2.7627853e-05
2029,2.7619635e-05
2030,2.761165e-05
2031,2.760392e-05
2032,2.7596425e-05
2033,2.7589202e-05
2034,2.7582146e-05
2035,2.7575365e-05
2036,2.7568654e-05
2037,2.7562313e-05
2038,2.7556043e-05
2039,2.7550028e-05
2040,2.7544125e-05
2041,2.7538457e-05
2042,2.7532995e-05
2043,2.7527629e-05
2044,2.752249e-05
2045,2.751749e-05
2046,2.7512608e-05
2047,2.750786e-05
2048,2.750328e-05
2049,2.7498856e-05
2050,2.7494529e-05
2051,2.7490385e-05
2052,2.7486261e-05
2053,2.7482327e-05
2054,2.7478527e-05
2055,2.7474842e-05
2056,2.7471277e-05
2057,2.74678e-05
2058,2.7464393e-05
2059,2.7461105e-05
2060,0.0005467777
2061,0.0019255236
2062,0.00068115845
2063,0.00023175278
2064,0.000117144744
2065,7.579721e-05
2066,5.7737514e-05
2067,4.8372043e-05
2068,4.2815325e-05
2069,3.9177e-05
2070,3.6628193e-05
2071,3.4761135e-05
2072,3.3352833e-05
2073,3.2269658e-05
2074,3.1424945e-05
2075,3.0759424e-05
2076,3.023057e-05
2077,0.58885634
2078,0.4409618
2079,0.39047763
2080,0.008206854
2081,0.022702912
2082,0.015644878
2083,0.009900272
2084,0.006316809
2085,0.0041395472
2086,0.0027979806
2087,0.0019509745
2088,0.00140144
2089,0.0010351187
2090,0.0007846156
2091,1.5526866e-05
2092,0.0009298294
2093,0.00055734516
2094,0.0004011204
2095,0.00031429407
2096,0.00025878992
2097,0.00021973276
2098,0.00019061168
2099,0.00016810642
2100,0.00015028745
2101,0.00013592011
2102,0.00012416167
2103,0.000114411916
2104,0.00010623202
2105,9.9294135e-05
2106,9.334993e-05
2107,8.8208486e-05
2108,8.372252e-05
2109,7.977589e-05
2110,7.627741e-05
2111,7.3154304e-05
2112,7.0348135e-05
2113,6.781172e-05
2114,6.550675e-05
2115,6.340161e-05
2116,6.147011e-05
2117,5.9690974e-05
2118,5.8046015e-05
2119,5.6519944e-05
2120,5.509993e-05
2121,5.377511e-05
2122,5.2535845e-05
2123,5.1374212e-05
2124,5.028294e-05
2125,4.9256192e-05
2126,4.828827e-05
2127,4.7374615e-05
2128,4.6511013e-05
2129,4.5693636e-05
2130,4.49192e-05
2131,0.42469856
2132,0.14869353
2133,0.20164314
2134,0.007502915
2135,0.010631693
2136,0.007342941
2137,0.004726018
2138,0.0030563658
2139,0.0020274518
2140,0.0013880621
2141,0.0009819015
2142,0.00071694906
2143,0.00053934124
2144,0.00041714305
2145,0.0003310148
2146,0.00026895487
2147,0.00022332599
2148,0.00018915103
2149,0.00016311287
2150,0.00014295538
2151,0.00012711536
2152,0.00011449197
2153,0.00010429699
2154,9.59588e-05
2155,8.905718e-05
2156,8.327922e-05
2157,7.8389734e-05
2158,7.420955e-05
2159,7.0601396e-05
2160,6.7458765e-05
2161,6.469842e-05
2162,6.225468e-05
2163,6.0075217e-05
2164,5.811834e-05
2165,5.635044e-05
2166,5.4744152e-05
2167,5.3276926e-05
2168,5.1930478e-05
2169,5.068948e-05
2170,4.954123e-05
2171,4.847515e-05
2172,4.7481954e-05
2173,4.655421e-05
2174,4.5685294e-05
2175,4.486956e-05
2176,4.4102144e-05
2177,4.337885e-05
2178,4.269593e-05
2179,4.2050095e-05
2180,4.1438627e-05
2181,4.0858835e-05
2182,4.03085e-05
2183,3.9785515e-05
2184,3.928805e-05
2185,3.881458e-05
2186,3.8363487e-05
2187,3.7933412e-05
2188,3.7523012e-05
2189,3.713124e-05
2190,3.6757025e-05
2191,3.6399426e-05
2192,3.605745e-05
2193,3.573028e-05
2194,3.5417106e-05
2195,3.51173e-05
2196,3.4830147e-05
2197,3.455491e-05
2198,3.4291177e-05
2199,3.403824e-05
2200,3.379566e-05
2201,3.356288e-05
2202,3.3339496e-05
2203,3.31251e-05
2204,3.2919153e-05
2205,3.2721335e-05
2206,3.25313e-05
2207,3.2348664e-05
2208,3.2173215e-05
2209,3.2004504e-05
2210,3.1842184e-05
2211,3.1686108e-05
2212,3.153599e-05
2213,3.1391544e-05
2214,3.1252486e-05
2215,3.111871e-05
2216,3.0989915e-05
2217,3.0865947e-05
2218,3.074647e-05
2219,3.0631447e-05
2220,3.0520594e-05
2221,3.0413845e-05
2222,3.031093e-05
2223,3.021174e-05
2224,3.0116134e-05
2225,3.0023975e-05
2226,2.9935154e-05
2227,2.9849416e-05
2228,2.9766768e-05
2229,2.9687088e-05
2230,0.0026837678
2231,0.0004986679
2232,0.00017951596
2233,9.583762e-05
2234,6.496241e-05
2235,5.141977e-05
2236,4.442247e-05
2237,4.028826e-05
2238,3.7582482e-05
2239,3.5678855e-05
2240,3.427284e-05
2241,3.320074e-05
2242,0.0026581846
2243,0.0005078059
2244,0.00018359393
2245,9.818041e-05
2246,6.6494234e-05
2247,5.250186e-05
2248,0.002552491
2249,0.00054432347
2250,0.00021048679
2251,0.00034423426
2252,0.00015286241
2253,9.277035e-05
2254,6.7637535e-05
2255,5.5166478e-05
2256,4.7988975e-05
2257,4.3372977e-05
2258,4.0166626e-05
2259,3.7823007e-05
2260,3.6051777e-05
2261,3.468273e-05
2262,3.3607314e-05
2263,3.275214e-05
2264,3.2064876e-05
2265,3.150749e-05
2266,3.1051357e-05
2267,3.067499e-05
2268,3.036158e-05
2269,3.0098374e-05
2270,2.9875308e-05
2271,2.9684647e-05
2272,2.952019e-05
2273,2.9377159e-05
2274,2.9251642e-05
2275,2.9140567e-05
2276,2.9041537e-05
2277,2.8952529e-05
2278,2.8871915e-05
2279,2.8798599e-05
2280,2.873138e-05
2281,2.8669438e-05
2282,2.8612068e-05
2283,2.8558723e-05
2284,2.850883e-05
2285,2.8462116e-05
2286,2.8418182e-05
2287,2.8376715e-05
2288,2.8337428e-05
2289,2.8300223e-05
2290,2.8264958e-05
2291,2.8231349e-05
2292,2.8199369e-05
2293,2.8168733e-05
2294,2.8139582e-05
2295,2.8111639e-05
2296,2.8084845e-05
2297,2.8059249e-05
2298,2.803462e-05
2299,2.8011049e-05
2300,2.7988368e-05
2301,2.7966558e-05
2302,2.7945636e-05
2303,2.7925491e-05
2304,2.790607e-05
2305,2.7887467e-05
2306,2.786952e-05
2307,2.7852182e-05
2308,2.783557e-05
2309,2.7819515e-05
2310,2.7803997e-05
2311,0.0005453054
2312,0.00017947983
2313,8.46137e-05
2314,5.5082037e-05
2315,4.307488e-05
2316,3.7491518e-05
2317,3.4517252e-05
2318,3.273314e-05
2319,3.155607e-05
2320,3.072385e-05
2321,3.0107265e-05
2322,2.9636263e-05
2323,2.926941e-05
2324,2.8979639e-05
2325,2.8748425e-05
2326,2.8562477e-05
2327,2.8411816e-05
2328,2.8288872e-05
2329,2.8187776e-05
2330,2.8104141e-05
2331,2.8034296e-05
2332,2.7975453e-05
2333,2.7925676e-05
2334,2.7883038e-05
2335,2.7846274e-05
2336,2.7814258e-05
2337,2.7786125e-05
2338,2.7761316e-05
2339,2.7739106e-05
2340,2.7719196e-05
2341,2.7701142e-05
2342,2.7684688e-05
2343,2.7669626e-05
2344,2.7655766e-05
2345,2.7642856e-05
2346,0.00054600753
2347,0.00017907553
2348,8.434968e-05
2349,5.4874195e-05
2350,4.2895135e-05
2351,3.7327754e-05
2352,3.4364017e-05
2353,3.2587806e-05
2354,3.1417214e-05
2355,3.059063e-05
2356,2.9978995e-05
2357,2.9512652e-05
2358,2.914998e-05
2359,2.88642e-05
2360,2.8636785e-05
2361,2.8454386e-05
2362,2.830721e-05
2363,2.8187453e-05
2364,2.8089567e-05
2365,2.8008886e-05
2366,2.7942018e-05
2367,2.7886075e-05
2368,0.0005450847
2369,0.00017954162
2370,8.4619074e-05
2371,5.506356e-05
2372,4.304278e-05
2373,3.7450147e-05
2374,3.446882e-05
2375,3.2679396e-05
2376,3.1498323e-05
2377,3.0663123e-05
2378,3.0044434e-05
2379,2.9572013e-05
2380,2.920423e-05
2381,2.8914048e-05
2382,2.868277e-05
2383,2.8496943e-05
2384,2.8346685e-05
2385,2.8224396e-05
2386,2.8124025e-05
2387,2.8041177e-05
2388,2.7972317e-05
2389,2.791463e-05
2390,2.7865859e-05
2391,2.7824333e-05
2392,2.778874e-05
2393,2.775789e-05
2394,2.7731012e-05
2395,2.7707336e-05
2396,2.7686374e-05
2397,2.766766e-05
2398,2.7650824e-05
2399,2.7635517e-05
2400,2.7621621e-05
2401,2.7608905e-05
2402,2.7597183e-05
2403,2.7586368e-05
2404,2.7576196e-05
2405,2.756681e-05
2406,2.7557957e-05
2407,2.7549704e-05
2408,2.7541844e-05
2409,2.7534448e-05
2410,2.7527469e-05
2411,2.752083e-05
2412,2.7514543e-05
2413,2.7508553e-05
2414,2.750282e-05
2415,2.7497339e-05
2416,2.7492111e-05
2417,2.7487136e-05
2418,2.7482396e-05
2419,2.7477792e-05
2420,2.7473392e-05
2421,2.7469136e-05
2422,2.7465108e-05
2423,2.7461172e-05
2424,2.745749e-05
2425,2.7453923e-05
2426,2.7450471e-05
2427,2.7447113e-05
2428,2.7443963e-05
2429,2.7440832e-05
2430,2.7437934e-05
2431,2.7435037e-05
2432,2.74323e-05
2433,2.7429678e-05
2434,2.7427102e-05
2435,2.7424665e-05
2436,2.7422317e-05
2437,2.742002e-05
2438,2.741779e-05
2439,2.7415696e-05
2440,2.7413627e-05
2441,2.7411672e-05
2442,2.7409787e-05
2443,2.7407948e-05
2444,2.7406153e-05
2445,2.740443e-05
2446,2.7402844e-05
2447,2.7401213e-05
2448,2.7399648e-05
2449,2.73982e-05
2450,2.739675e-05
2451,2.7395348e-05
2452,2.739404e-05
2453,2.739273e-05
2454,2.7391465e-05
2455,2.7390248e-05
2456,2.7389098e-05
2457,2.7387972e-05
2458,2.7386892e-05
2459,2.738579e-05
2460,2.73848e-05
2461,2.7383814e-05
2462,2.7382894e-05
2463,2.7381997e-05
2464,2.7381056e-05
2465,2.7380205e-05
2466,2.7379376e-05
2467,2.7378528e-05
2468,2.7377746e-05
2469,2.7377011e-05
2470,2.7376296e-05
2471,2.7375587e-05
2472,2.737492e-05
2473,2.7374277e-05
2474,2.7373633e-05
2475,2.7373057e-05
2476,2.7372438e-05
2477,2.7371841e-05
2478,2.7371312e-05
2479,0.011938083
2480,0.0017299666
2481,0.0004629575
2482,0.00020117784
2483,0.00011505889
2484,8.0003934e-05
2485,6.2703155e-05
2486,5.2798136e-05
2487,4.648547e-05
2488,4.215669e-05
2489,3.9040293e-05
2490,3.6723137e-05
2491,3.496188e-05
2492,3.360197e-05
2493,3.2539316e-05
2494,3.170097e-05
2495,3.1034106e-05
2496,3.0499637e-05
2497,3.0068244e-05
2498,2.971746e-05
2499,2.9430405e-05
2500,2.9193765e-05
2501,2.8997278e-05
2502,2.8832876e-05
2503,2.8694389e-05
2504,2.8576796e-05
2505,2.8476175e-05
2506,2.8389395e-05
2507,2.8314054e-05
2508,2.824801e-05
2509,2.8189877e-05
2510,2.813828e-05
2511,2.8092105e-05
2512,2.8050574e-05
2513,2.8012979e-05
2514,2.7978798e-05
2515,2.794747e-05
2516,2.7918713e-05
2517,2.7892083e-05
2518,2.7867503e-05
2519,2.7844468e-05
2520,2.7823036e-05
2521,2.7802933e-05
2522,2.778411e-05
2523,2.7766244e-05
2524,2.7749446e-05
2525,2.773351e-05
2526,2.7718455e-05
2527,2.7704195e-05
2528,2.769058e-05
2529,2.7677617e-05
2530,2.766528e-05
2531,2.7653525e-05
2532,2.7642236e-05
2533,2.76315e-05
2534,2.762123e-05
2535,2.7611351e-05
2536,2.7601913e-05
2537,2.759287e-05
2538,2.7584196e-05
2539,2.757587e-05
2540,2.756794e-05
2541,2.7560354e-05
2542,2.7552955e-05
2543,2.7545877e-05
2544,2.7539081e-05
2545,2.7532535e-05
2546,2.7526314e-05
2547,2.7520255e-05
2548,2.751445e-05
2549,2.7508853e-05
2550,2.7503485e-05
2551,2.7498305e-05
2552,2.7493354e-05
2553,2.7488542e-05
2554,2.7483915e-05
2555,2.747947e-05
2556,2.7475167e-05
2557,2.7471067e-05
2558,2.7467087e-05
2559,2.7463291e-05
2560,2.7459586e-05
2561,2.7455997e-05
2562,2.7452568e-05
2563,2.74493e-05
2564,2.7446102e-05
2565,2.7442995e-05
2566,2.744003e-05
2567,2.7437174e-05
2568,2.7434391e-05
2569,2.743177e-05
2570,2.7429216e-05
2571,2.7426733e-05
2572,2.7424365e-05
2573,2.7422064e-05
2574,2.7419788e-05
2575,2.7417671e-05
2576,2.7415514e-05
2577,2.7413558e-05
2578,2.7411603e-05
2579,2.740974e-05
2580,2.7407948e-05
2581,2.7406179e-05
2582,2.7404498e-05
2583,2.7402868e-05
2584,2.740128e-05
2585,2.7399763e-05
2586,2.739836e-05
2587,2.7396867e-05
2588,2.7395465e-05
2589,2.7394155e-05
2590,2.7392865e-05
2591,2.7391698e-05
2592,2.7390477e-05
2593,2.7389282e-05
2594,2.7388132e-05
2595,2.7387145e-05
2596,2.7386086e-05
2597,2.7385053e-05
2598,2.7384041e-05
2599,2.7383123e-05
2600,2.7382226e-05
2601,2.7381308e-05
2602,2.738048e-05
2603,2.7379654e-05
2604,2.737885e-05
2605,2.7378044e-05
2606,2.7377288e-05
2607,2.737662e-05
2608,2.7375909e-05
2609,2.737515e-05
2610,2.7374506e-05
2611,2.7373908e-05
2612,2.7373266e-05
2613,2.7372693e-05
2614,0.006502502
2615,0.0009939318
2616,0.00030040747
2617,0.0001409094
2618,8.6060856e-05
2619,6.311622e-05
2620,5.1615385e-05
2621,4.4965538e-05
2622,4.069252e-05
2623,3.7738657e-05
2624,3.559528e-05
2625,3.398976e-05
2626,3.2761363e-05
2627,3.1807474e-05
2628,3.1058527e-05
2629,3.0465402e-05
2630,2.9992101e-05
2631,2.9611718e-05
2632,2.9304038e-05
2633,2.905356e-05
2634,2.8848252e-05
2635,2.8678864e-05
2636,2.8538054e-05
2637,2.842022e-05
2638,2.8320834e-05
2639,2.8236436e-05
2640,2.8164188e-05
2641,2.8101858e-05
2642,2.8047712e-05
2643,2.8000242e-05
2644,2.7958455e-05
2645,2.7921265e-05
2646,2.7888073e-05
2647,2.785814e-05
2648,2.783112e-05
2649,2.7806474e-05
2650,2.7783924e-05
2651,2.7763235e-05
2652,2.7744034e-05
2653,2.7726226e-05
2654,2.7709626e-05
2655,2.7694161e-05
2656,2.767965e-05
2657,2.7665952e-05
2658,2.7653157e-05
2659,2.7640988e-05
2660,2.7629467e-05
2661,2.7618597e-05
2662,2.7608237e-05
2663,2.7598386e-05
2664,2.7588996e-05
2665,0.0027034744
2666,0.00049008924
2667,0.0001748213
2668,9.252883e-05
2669,6.231755e-05
2670,4.9135542e-05
2671,4.2363863e-05
2672,3.8388647e-05
2673,3.580558e-05
2674,3.400215e-05
2675,3.268143e-05
2676,3.168354e-05
2677,3.0914078e-05
2678,3.0312356e-05
2679,2.9836963e-05
2680,2.945826e-05
2681,2.9154462e-05
2682,2.890902e-05
2683,2.870954e-05
2684,2.8546287e-05
2685,2.8411885e-05
2686,2.8300246e-05
2687,2.8206949e-05
2688,2.8128497e-05
2689,2.8061831e-05
2690,2.8004819e-05
2691,2.7955759e-05
2692,2.7913053e-05
2693,2.7875758e-05
2694,2.7842798e-05
2695,2.7813516e-05
2696,2.778735e-05
2697,2.7763766e-05
2698,2.7742322e-05
2699,2.7722848e-05
2700,2.7704978e-05
2701,2.7688524e-05
2702,2.7673297e-05
2703,2.7659116e-05
2704,2.7645885e-05
2705,2.763353e-05
2706,2.7621874e-05
2707,2.761096e-05
2708,2.7600645e-05
2709,2.7590888e-05
2710,2.7581593e-05
2711,2.7572829e-05
2712,2.7564482e-05
2713,2.7556527e-05
2714,2.7548922e-05
2715,2.7541684e-05
2716,2.7534747e-05
2717,2.752811e-05
2718,2.7521775e-05
2719,2.7515716e-05
2720,2.7509914e-05
2721,2.7504317e-05
2722,2.7498972e-05
2723,2.749379e-05
2724,2.7488888e-05
2725,2.7484142e-05
2726,2.7479586e-05
2727,2.7475235e-05
2728,2.7471e-05
2729,2.7466926e-05
2730,2.7463058e-05
2731,2.7459286e-05
2732,2.7455671e-05
2733,2.7452223e-05
2734,2.744884e-05
2735,2.744562e-05
2736,2.7442491e-05
2737,2.7439499e-05
2738,2.7436645e-05
2739,2.7433816e-05
2740,0.0027049514
2741,0.00048945675
2742,0.00017447911
2743,9.228993e-05
2744,6.212841e-05
2745,4.8973514e-05
2746,4.221873e-05
2747,3.8255796e-05
2748,3.5682082e-05
2749,3.388638e-05
2750,3.2572192e-05
2751,3.1580028e-05
2752,3.081566e-05
2753,3.0218476e-05
2754,2.97472e-05
2755,2.9372351e-05
2756,2.9072075e-05
2757,2.883e-05
2758,2.863361e-05
2759,2.8473363e-05
2760,2.834166e-05
2761,2.823275e-05
2762,2.8141938e-05
2763,2.8065833e-05
2764,0.0026993195
2765,0.00049173896
2766,0.0001756526
2767,9.3073155e-05
2768,6.27253e-05
2769,4.946791e-05
2770,4.264788e-05
2771,3.8638533e-05
2772,3.602934e-05
2773,3.4205055e-05
2774,3.2867167e-05
2775,3.185485e-05
2776,3.1073065e-05
2777,3.0460604e-05
2778,2.997582e-05
2779,2.9588851e-05
2780,2.927756e-05
2781,2.9025472e-05
2782,2.8819908e-05
2783,2.8651077e-05
2784,2.8511526e-05
2785,2.8395198e-05
2786,2.8297536e-05
2787,2.821488e-05
2788,2.8144452e-05
2789,2.808389e-05
2790,2.8031365e-05
2791,2.7985534e-05
2792,2.794522e-05
2793,2.7909364e-05
2794,2.7877428e-05
2795,2.7848613e-05
2796,2.7822596e-05
2797,2.779888e-05
2798,2.7777212e-05
2799,2.7757173e-05
2800,2.7738735e-05
2801,2.7721577e-05
2802,2.7705604e-05
2803,2.7690603e-05
2804,2.7676555e-05
2805,2.7663342e-05
2806,2.76508e-05
2807,2.7639027e-05
2808,2.7627853e-05
2809,2.7617212e-05
2810,2.7607106e-05
2811,2.7597507e-05
2812,2.7588396e-05
2813,2.7579608e-05
2814,2.7571285e-05
2815,2.7563257e-05
2816,2.7555629e-05
2817,2.7548253e-05
2818,2.7541268e-05
2819,2.7534565e-05
2820,2.752818e-05
2821,2.7521915e-05
2822,2.7515995e-05
2823,2.7510257e-05
2824,2.7504708e-05
2825,2.7499502e-05
2826,2.749446e-05
2827,2.748951e-05
2828,2.7484833e-05
2829,2.7480277e-05
2830,2.747595e-05
2831,2.747176e-05
2832,2.7467731e-05
2833,2.746389e-05
2834,2.746007e-05
2835,2.7456525e-05
2836,2.745305e-05
2837,2.7449689e-05
2838,2.744647e-05
2839,2.7443388e-05
2840,2.744035e-05
2841,0.0027048883
2842,0.0004894838
2843,0.0001744939
2844,9.230032e-05
2845,6.213672e-05
2846,4.8980644e-05
2847,4.222521e-05
2848,3.8261685e-05
2849,3.5687666e-05
2850,3.3891563e-05
2851,3.2577125e-05
2852,3.158479e-05
2853,3.082017e-05
2854,3.0222845e-05
2855,2.9751414e-05
2856,2.9376371e-05
2857,2.9075982e-05
2858,2.8833796e-05
2859,2.863728e-05
2860,0.0026946738
2861,0.000493476
2862,0.00017647816
2863,9.358229e-05
2864,6.3085834e-05
2865,4.9746064e-05
2866,4.2873737e-05
2867,3.882769e-05
2868,3.619108e-05
2869,3.4345583e-05
2870,3.2990698e-05
2871,3.1964744e-05
2872,3.1171647e-05
2873,3.0549836e-05
2874,3.0057072e-05
2875,2.9663284e-05
2876,2.93462e-05
2877,2.9089128e-05
2878,2.8879134e-05
2879,2.8706387e-05
2880,2.8563394e-05
2881,2.8443985e-05
2882,2.8343507e-05
2883,2.8258373e-05
2884,2.8185681e-05
2885,2.8122908e-05
2886,2.8068578e-05
2887,2.8020904e-05
2888,2.7978867e-05
2889,2.7941598e-05
2890,2.790811e-05
2891,2.7878052e-05
2892,2.7850723e-05
2893,2.7825861e-05
2894,2.7803002e-05
2895,2.778198e-05
2896,2.7762517e-05
2897,2.7744381e-05
2898,2.7727472e-05
2899,2.7711589e-05
2900,2.7696753e-05
2901,2.7682772e-05
2902,2.7669508e-05
2903,2.7656966e-05
2904,2.7645121e-05
2905,2.7633901e-05
2906,2.762319e-05
2907,2.7612967e-05
2908,2.7603253e-05
2909,2.7593931e-05
2910,2.7585027e-05
2911,2.7576541e-05
2912,2.7568449e-05
2913,2.7560609e-05
2914,2.7553207e-05
2915,2.7545993e-05
2916,2.753915e-05
2917,2.7532582e-05
2918,2.7526245e-05
2919,2.7520164e-05
2920,2.751431e-05
2921,2.7508691e-05
2922,0.00054657535
2923,0.0001787585
2924,8.4147745e-05
2925,5.471868e-05
2926,4.276322e-05
2927,3.7209662e-05
2928,3.425513e-05
2929,3.248593e-05
2930,3.132102e-05
2931,3.0499248e-05
2932,2.9891946e-05
2933,2.9429451e-05
2934,2.9070321e-05
2935,2.8787736e-05
2936,2.8563301e-05
2937,2.8383782e-05
2938,2.8239165e-05
2939,2.8122e-05
2940,2.8026388e-05
2941,2.7947981e-05
2942,2.7883201e-05
2943,2.782929e-05
2944,2.7784086e-05
2945,2.7745977e-05
2946,2.7713555e-05
2947,2.7685752e-05
2948,2.7661656e-05
2949,2.7640664e-05
2950,2.7622267e-05
2951,2.7605975e-05
2952,2.759144e-05
2953,2.757841e-05
2954,2.7566626e-05
2955,2.755595e-05
2956,2.754611e-05
2957,2.7537097e-05
2958,2.7528802e-05
2959,2.7521062e-05
2960,2.7513874e-05
2961,2.7507172e-05
2962,2.750086e-05
2963,2.749492e-05
2964,2.748928e-05
2965,2.7484006e-05
2966,2.7479009e-05
2967,2.74742e-05
2968,2.746971e-05
2969,2.7465383e-05
2970,2.7461218e-05
2971,2.7457309e-05
2972,2.7453534e-05
2973,2.7449898e-05
2974,2.7446493e-05
2975,2.7443155e-05
2976,2.744003e-05
2977,2.7436969e-05
2978,2.743405e-05
2979,2.7431266e-05
2980,2.7428596e-05
2981,2.7425996e-05
2982,2.7423468e-05
2983,2.7421145e-05
2984,2.74188e-05
2985,2.7416592e-05
2986,2.7414477e-05
2987,2.7412361e-05
2988,2.7410408e-05
2989,0.11440928
2990,1.0
2991,0.38014075
2992,0.0057341983
2993,0.017590612
2994,0.012497448
2995,0.007917054
2996,0.0050184126
2997,0.0032600262
2998,0.0021837698
2999,0.0015099815
3000,0.0010766772
3001,0.00079030165
3002,0.0005960322
3003,0.00046102793
3004,0.00036511765
3005,0.00029559512
3006,0.00024426074
3007,0.00020570282
3008,0.00017627684
3009,0.0001534824
3010,0.00013557485
3011,0.00012131777
3012,0.00010982306
3013,0.00010044341
3014,9.270198e-05
3015,8.6242806e-05
3016,8.0797734e-05
3017,7.616239e-05
3018,7.217947e-05
3019,6.872714e-05
3020,6.570982e-05
3021,6.305224e-05
3022,6.0694445e-05
3023,5.858839e-05
3024,5.6695357e-05
3025,5.4984008e-05
3026,5.3428554e-05
3027,5.200769e-05
3028,5.070411e-05
3029,4.9503065e-05
3030,4.839242e-05
3031,4.7361835e-05
3032,4.6402598e-05
3033,4.5507317e-05
3034,4.4669552e-05
3035,4.388375e-05
3036,4.314529e-05
3037,4.2449883e-05
3038,4.179388e-05
3039,4.117428e-05
3040,4.0588067e-05
3041,4.0032755e-05
3042,3.9506216e-05
3043,3.900639e-05
3044,3.8531358e-05
3045,3.8079557e-05
3046,3.7649606e-05
3047,3.7239966e-05
3048,3.6849437e-05
3049,3.647704e-05
3050,3.612158e-05
3051,3.5782145e-05
3052,3.5457888e-05
3053,3.514791e-05
3054,3.485145e-05
3055,3.456784e-05
3056,3.429637e-05
3057,3.403642e-05
3058,3.3787517e-05
3059,3.354899e-05
3060,3.3320382e-05
3061,3.310122e-05
3062,3.289104e-05
3063,3.268944e-05
3064,3.2495995e-05
3065,3.2310232e-05
3066,3.213198e-05
3067,3.1960793e-05
3068,3.179633e-05
3069,0.09562418
3070,0.058384694
3071,0.043659173
3072,0.0045611733
3073,0.002337078
3074,0.0013681224
3075,0.0008680891
3076,0.0005796073
3077,0.0004037102
3078,0.00029237426
3079,0.00021965014
3080,0.00017075159
3081,0.0001369751
3082,0.00011305904
3083,9.573967e-05
3084,8.294037e-05
3085,7.330681e-05
3086,6.5934604e-05
3087,6.0207083e-05
3088,0.011455494
3089,0.001915141
3090,0.00053941977
3091,0.0002473756
3092,0.0001475943
3093,0.00010525778
3094,8.347462e-05
3095,7.0507456e-05
3096,6.195115e-05
3097,5.589995e-05
3098,5.1418036e-05
3099,4.799156e-05
3100,4.531106e-05
3101,4.3176304e-05
3102,4.1450952e-05
3103,4.003798e-05
3104,3.8866885e-05
3105,3.7885042e-05
3106,3.705288e-05
3107,3.6340076e-05
3108,3.572341e-05
3109,3.5184603e-05
3110,3.4709577e-05
3111,3.428693e-05
3112,3.390798e-05
3113,3.356563e-05
3114,3.32542e-05
3115,3.2969085e-05
3116,3.270664e-05
3117,3.2463857e-05
3118,3.2238084e-05
3119,3.2027463e-05
3120,3.183019e-05
3121,3.1644813e-05
3122,3.1470205e-05
3123,3.1305313e-05
3124,3.1149117e-05
3125,3.1001066e-05
3126,3.0860385e-05
3127,3.072655e-05
3128,3.0599032e-05
3129,3.0477451e-05
3130,3.0361387e-05
3131,3.0250347e-05
3132,3.0144169e-05
3133,3.004258e-05
3134,2.9945295e-05
3135,2.9852006e-05
3136,2.9762554e-05
3137,2.9676727e-05
3138,2.9594346e-05
3139,2.9515228e-05
3140,2.9439243e-05
3141,2.9366161e-05
3142,2.9296001e-05
3143,2.922856e-05
3144,2.9163615e-05
3145,2.9101111e-05
3146,2.9041017e-05
3147,2.8983208e-05
3148,2.8927536e-05
3149,2.8873874e-05
3150,2.8822218e-05
3151,2.8772494e-05
3152,2.872458e-05
3153,2.8678372e-05
3154,2.8633825e-05
3155,2.8590932e-05
3156,2.8549572e-05
3157,2.8509696e-05
3158,2.8471255e-05
3159,2.8434104e-05
3160,2.8398335e-05
3161,2.8363873e-05
3162,2.83306e-05
3163,2.8298447e-05
3164,2.8267408e-05
3165,2.8237464e-05
3166,2.8208628e-05
3167,2.8180715e-05
3168,2.8153796e-05
3169,2.8127775e-05
3170,2.8102651e-05
3171,2.807842e-05
3172,2.8054992e-05
3173,2.8032411e-05
3174,2.8010583e-05
3175,2.798944e-05
3176,2.7969065e-05
3177,2.7949329e-05
3178,2.793025e-05
3179,2.7911892e-05
3180,2.7894148e-05
3181,2.7876942e-05
3182,2.7860293e-05
3183,2.7844211e-05
3184,2.7828712e-05
3185,2.7813701e-05
3186,2.7799137e-05
3187,2.778513e-05
3188,2.7771519e-05
3189,2.7758379e-05
3190,2.7745675e-05
3191,2.7733347e-05
3192,2.772151e-05
3193,2.7709995e-05
3194,2.7698852e-05
3195,2.7688084e-05
3196,2.7677688e-05
3197,2.7667567e-05
3198,2.76578e-05
3199,2.7648399e-05
3200,2.7639233e-05
3201,2.763039e-05
3202,2.762185e-05
3203,2.7613522e-05
3204,2.760549e-05
3205,2.7597738e-05
3206,2.7590264e-05
3207,2.7582953e-05
3208,2.757592e-05
3209,2.7569116e-05
3210,2.7562432e-05
3211,2.7556067e-05
3212,2.7549844e-05
3213,2.7543872e-05
3214,2.7537997e-05
3215,2.7532398e-05
3216,2.7526958e-05
3217,2.7521683e-05
3218,2.7516524e-05
3219,2.7511593e-05
3220,2.7506801e-05
3221,2.7502128e-05
3222,2.7497636e-05
3223,2.7493263e-05
3224,2.7489024e-05
3225,2.7484926e-05
3226,2.7480946e-05
3227,2.7477077e-05
3228,2.7473392e-05
3229,0.0065009994
3230,0.000994545
3231,0.00030070668
3232,0.00014110797
3233,8.621243e-05
3234,6.324282e-05
3235,5.1726685e-05
3236,4.5066336e-05
3237,4.0785602e-05
3238,3.7825605e-05
3239,3.567715e-05
3240,3.4067303e-05
3241,3.2835225e-05
3242,3.187798e-05
3243,3.112611e-05
3244,3.05303e-05
3245,3.0054565e-05
3246,2.9671966e-05
3247,2.9362234e-05
3248,2.9109735e-05
3249,2.8902527e-05
3250,2.873131e-05
3251,2.8588818e-05
3252,2.8469405e-05
3253,2.8368433e-05
3254,2.8282564e-05
3255,2.8208906e-05
3256,2.8145128e-05
3257,2.8089638e-05
3258,2.8040946e-05
3259,2.7997849e-05
3260,2.7959544e-05
3261,2.7925189e-05
3262,2.7894099e-05
3263,2.7865997e-05
3264,2.7840273e-05
3265,2.7816735e-05
3266,0.15638405
3267,0.07939721
3268,0.07235207
3269,0.005553897
3270,0.0035582453
3271,0.002209347
3272,0.0014116869
3273,0.00092896
3274,0.00063175283
3275,0.00044485822
3276,0.00032439915
3277,0.000244682
3278,0.00019051683
3279,0.0001527761
3280,0.00012585973
3281,0.000106250314
3282,9.168508e-05
3283,8.0674465e-05
3284,7.221601e-05
3285,6.562107e-05
3286,6.0408125e-05
3287,5.6234232e-05
3288,5.2851658e-05
3289,5.0078866e-05
3290,4.7781028e-05
3291,4.58569e-05
3292,4.4229473e-05
3293,4.2839958e-05
3294,4.16425e-05
3295,4.060189e-05
3296,3.9689872e-05
3297,3.888438e-05
3298,3.816776e-05
3299,3.752573e-05
3300,3.694691e-05
3301,3.6422e-05
3302,3.5943332e-05
3303,3.5504578e-05
3304,3.510067e-05
3305,3.4727123e-05
3306,3.4380544e-05
3307,3.4057586e-05
3308,3.3756e-05
3309,0.00052156014
3310,0.00019324312
3311,9.347683e-05
3312,6.196241e-05
3313,4.893978e-05
3314,4.2759082e-05
3315,3.9376842e-05
3316,3.7280035e-05
3317,0.0005124009
3318,0.0001970993
3319,9.514702e-05
3320,6.275888e-05
3321,4.9279002e-05
3322,4.2817166e-05
3323,3.9244955e-05
3324,3.7014663e-05
3325,3.5484405e-05
3326,3.4361903e-05
3327,3.35006e-05
3328,3.2819375e-05
3329,3.226891e-05
3330,3.1816864e-05
3331,3.1440526e-05
3332,3.1123465e-05
3333,3.0853385e-05
3334,3.0620704e-05
3335,3.04183e-05
3336,3.0240375e-05
3337,3.0082476e-05
3338,2.994116e-05
3339,0.0005365306
3340,0.00018443371
3341,8.777184e-05
3342,5.7514793e-05
3343,4.5137705e-05
3344,3.933802e-05
3345,3.621729e-05
3346,3.4322093e-05
3347,3.305409e-05
3348,3.2143955e-05
3349,3.1458654e-05
3350,3.0925923e-05
3351,0.0026753407
3352,0.0005013099
3353,0.00018050072
3354,9.626637e-05
3355,6.5134824e-05
3356,5.1448304e-05
3357,4.4358014e-05
3358,4.0159226e-05
3359,3.740719e-05
3360,3.5469915e-05
3361,3.4039753e-05
3362,3.29502e-05
3363,3.2102438e-05
3364,3.143282e-05
3365,3.089765e-05
3366,3.0465766e-05
3367,3.0114134e-05
3368,2.9825307e-05
3369,2.9586057e-05
3370,2.9386109e-05
3371,2.9217425e-05
3372,2.9074039e-05
3373,2.8950948e-05
3374,2.8844312e-05
3375,2.8751108e-05
3376,2.8668941e-05
3377,2.8595816e-05
3378,2.8530407e-05
3379,2.8471255e-05
3380,2.8417551e-05
3381,2.836834e-05
3382,2.832303e-05
3383,2.828121e-05
3384,2.8242248e-05
3385,2.8205874e-05
3386,2.817174e-05
3387,2.8139677e-05
3388,2.8109425e-05
3389,2.8080794e-05
3390,2.8053642e-05
3391,2.8027902e-05
3392,2.8003331e-05
3393,2.7979911e-05
3394,2.7957525e-05
3395,2.7936167e-05
3396,2.791565e-05
3397,2.7896027e-05
3398,2.7877242e-05
3399,2.7859252e-05
3400,2.7841848e-05
3401,2.7825212e-05
3402,2.7809208e-05
3403,2.779381e-05
3404,2.7778997e-05
3405,2.776474e-05
3406,2.7750995e-05
3407,2.7737718e-05
3408,2.7725e-05
3409,2.7712655e-05
3410,2.770084e-05
3411,2.7689379e-05
3412,2.7678425e-05
3413,2.7667778e-05
3414,2.7657501e-05
3415,2.764757e-05
3416,2.763801e-05
3417,2.7628777e-05
3418,2.7619844e-05
3419,2.7611306e-05
3420,2.7602977e-05
3421,2.75949e-05
3422,2.7587197e-05
3423,2.757968e-05
3424,2.7572458e-05
3425,2.7565451e-05
3426,2.7558672e-05
3427,2.7552149e-05
3428,2.754581e-05
3429,2.7539794e-05
3430,2.7533872e-05
3431,2.752811e-05
3432,2.752265e-05
3433,2.751733e-05
3434,2.7512102e-05
3435,2.7507172e-05
3436,2.7502312e-05
3437,2.7497661e-05
3438,2.749317e-05
3439,2.7488795e-05
3440,2.7484557e-05
3441,2.7480484e-05
3442,2.747657e-05
3443,2.747275e-05
3444,2.7468997e-05
3445,2.7465383e-05
3446,2.746198e-05
3447,2.745862e-05
3448,2.7455375e-05
3449,2.7452199e-05
3450,2.7449185e-05
3451,2.7446264e-05
3452,2.7443388e-05
3453,2.744065e-05
3454,2.7437982e-05
3455,2.7435382e-05
3456,2.7432829e-05
3457,2.7430437e-05
3458,2.7428114e-05
3459,2.7425836e-05
3460,2.742365e-05
3461,2.7421514e-05
3462,2.7419443e-05
3463,2.7417422e-05
3464,2.7415466e-05
3465,2.7413604e-05
3466,2.741181e-05
3467,2.7410038e-05
3468,2.7408314e-05
3469,2.740666e-05
3470,2.740505e-05
3471,2.740351e-05
3472,2.7402039e-05
3473,2.7400569e-05
3474,2.7399212e-05
3475,2.7397764e-05
3476,0.0005470525
3477,0.00017848941
3478,8.397477e-05
3479,5.4584638e-05
3480,4.2648742e-05
3481,3.710652e-05
3482,3.415966e-05
3483,3.2396187e-05
3484,3.1236017e-05
3485,3.0418396e-05
3486,2.9814755e-05
3487,2.9355573e-05
3488,2.8999477e-05
3489,2.8719729e-05
3490,2.8497972e-05
3491,2.832088e-05
3492,2.8178594e-05
3493,2.806367e-05
3494,2.7970229e-05
3495,2.7893799e-05
3496,2.7830863e-05
3497,2.7778857e-05
3498,2.7735477e-05
3499,2.7699085e-05
3500,2.7668215e-05
3501,2.7641934e-05
3502,2.7619384e-05
3503,2.7599861e-05
3504,2.7582884e-05
3505,2.7567916e-05
3506,2.7554706e-05
3507,2.754286e-05
3508,2.7532327e-05
3509,2.7522718e-05
3510,2.7514036e-05
3511,2.750616e-05
3512,2.7498856e-05
3513,2.7492157e-05
3514,2.7485847e-05
3515,2.7480117e-05
3516,2.7474682e-05
3517,2.7469596e-05
3518,2.7464808e-05
3519,2.746032e-05
3520,2.7456086e-05
3521,2.7452108e-05
3522,2.744824e-05
3523,2.7444605e-05
3524,2.7441154e-05
3525,2.7437934e-05
3526,2.7434851e-05
3527,2.7431815e-05
3528,2.7428918e-05
3529,2.7426206e-05
3530,2.7423583e-05
3531,2.7421052e-05
3532,2.7418662e-05
3533,2.741634e-05
3534,2.7414131e-05
3535,2.741204e-05
3536,2.7409948e-05
3537,2.7408016e-05
3538,2.7406086e-05
3539,2.7404223e-05
3540,2.7402522e-05
3541,2.7400843e-05
3542,2.7399257e-05
3543,2.7397695e-05
3544,2.7396176e-05
3545,2.7394752e-05
3546,2.7393327e-05
3547,2.7392018e-05
3548,2.739073e-05
3549,2.7389513e-05
3550,2.7388292e-05
3551,2.7387121e-05
3552,2.7386019e-05
3553,0.0027054097
3554,0.00048925885
3555,0.00017437135
3556,9.221431e-05
3557,6.20682e-05
3558,4.8921593e-05
3559,4.2172178e-05
3560,3.821289e-05
3561,3.564193e-05
3562,3.3848577e-05
3563,3.2536336e-05
3564,3.1545907e-05
3565,3.0783052e-05
3566,3.018727e-05
3567,2.9717316e-05
3568,2.9343582e-05
3569,2.90444e-05
3570,2.880336e-05
3571,2.8607934e-05
3572,2.8448554e-05
3573,2.8317723e-05
3574,2.8209583e-05
3575,2.8119694e-05
3576,2.804432e-05
3577,2.7980632e-05
3578,2.7926535e-05
3579,2.7880187e-05
3580,2.7840157e-05
3581,2.7805363e-05
3582,2.7774875e-05
3583,2.7747965e-05
3584,2.7723981e-05
3585,0.002702263
3586,0.00049058197
3587,0.00017507501
3588,9.269822e-05
3589,6.2446714e-05
3590,4.924248e-05
3591,4.2456468e-05
3592,3.847111e-05
3593,3.5880144e-05
3594,0.0005192167
3595,0.00019205504
3596,9.1388654e-05
3597,5.9516777e-05
3598,4.6293357e-05
3599,3.997354e-05
3600,3.6498448e-05
3601,3.4348905e-05
3602,3.2894113e-05
3603,3.1845826e-05
3604,3.105833e-05
3605,3.0450617e-05
3606,2.9973176e-05
3607,2.9593175e-05
3608,2.928785e-05
3609,2.9040426e-05
3610,2.883837e-05
3611,2.8672186e-05
3612,2.853444e-05
3613,0.0026952333
3614,0.0004933833
3615,0.00017649311
3616,9.363081e-05
3617,6.314856e-05
3618,4.981711e-05
3619,4.2950258e-05
3620,3.8907823e-05
3621,3.6273315e-05
3622,3.442892e-05
3623,3.3074342e-05
3624,3.2047945e-05
3625,3.1254105e-05
3626,3.0631058e-05
3627,3.0136936e-05
3628,2.974157e-05
3629,2.9422687e-05
3630,2.9163708e-05
3631,2.8951843e-05
3632,2.8777158e-05
3633,2.8632132e-05
3634,2.851075e-05
3635,2.840835e-05
3636,2.832123e-05
3637,2.8246564e-05
3638,2.8181996e-05
3639,2.8125703e-05
3640,2.8076327e-05
3641,2.8032504e-05
3642,2.7993434e-05
3643,2.795836e-05
3644,2.792658e-05
3645,2.7897742e-05
3646,2.7871285e-05
3647,2.7847014e-05
3648,2.7824542e-05
3649,2.7803628e-05
3650,2.7784181e-05
3651,2.7765967e-05
3652,2.7748822e-05
3653,2.77327e-05
3654,2.7717577e-05
3655,2.7703198e-05
3656,2.7689564e-05
3657,2.7676624e-05
3658,2.7664335e-05
3659,2.765267e-05
3660,2.764145e-05
3661,2.7630807e-05
3662,2.7620605e-05
3663,2.7610891e-05
3664,2.7601523e-05
3665,2.7592638e-05
3666,2.758406e-05
3667,2.7575803e-05
3668,2.756794e-05
3669,2.7560354e-05
3670,2.7553118e-05
3671,2.754611e-05
3672,2.753938e-05
3673,2.7532973e-05
3674,2.752675e-05
3675,2.7520691e-05
3676,2.7515003e-05
3677,2.7509475e-05
3678,2.7504131e-05
3679,2.7499067e-05
3680,2.7494114e-05
3681,2.7489303e-05
3682,2.7484744e-05
3683,2.7480344e-05
3684,2.747611e-05
3685,2.747199e-05
3686,2.7468055e-05
3687,2.7464233e-05
3688,2.7460575e-05
3689,2.7457007e-05
3690,2.745358e-05
3691,2.7450267e-05
3692,2.7447046e-05
3693,2.7443939e-05
3694,2.7440994e-05
3695,2.7438144e-05
3696,2.743536e-05
3697,2.743276e-05
3698,0.00054690166
3699,0.0001785745
3700,8.402955e-05
3701,5.462705e-05
3702,4.2684973e-05
3703,3.7139187e-05
3704,3.4189954e-05
3705,3.2424687e-05
3706,3.1263044e-05
3707,3.0444076e-05
3708,2.9839339e-05
3709,2.9379087e-05
3710,2.9022063e-05
3711,2.874141e-05
3712,2.8518794e-05
3713,2.8340957e-05
3714,2.81979e-05
3715,2.808226e-05
3716,2.7988137e-05
3717,2.7911105e-05
3718,2.7847616e-05
3719,2.7795015e-05
3720,2.7751066e-05
3721,2.771404e-05
3722,2.7682725e-05
3723,2.7655997e-05
3724,2.7632954e-05
3725,2.7612945e-05
3726,2.75955e-05
3727,2.758007e-05
3728,2.756651e-05
3729,2.7554315e-05
3730,2.7543367e-05
3731,2.7533411e-05
3732,2.7524424e-05
3733,2.7516062e-05
3734,2.750853e-05
3735,2.7501437e-05
3736,2.749492e-05
3737,2.7488843e-05
3738,2.7483129e-05
3739,2.7477814e-05
3740,2.747275e-05
3741,2.746794e-05
3742,2.7463473e-05
3743,2.7459217e-05
3744,2.7455168e-05
3745,2.7451324e-05
3746,2.7447666e-05
3747,2.7444217e-05
3748,2.7440854e-05
3749,2.7437634e-05
3750,2.7434646e-05
3751,2.7431703e-05
3752,2.7428918e-05
3753,2.7426273e-05
3754,2.7423697e-05
3755,2.7421214e-05
3756,2.7418891e-05
3757,2.7416547e-05
3758,2.7414362e-05
3759,2.7412269e-05
3760,2.7410246e-05
3761,2.7408314e-05
3762,2.7406451e-05
3763,2.7404636e-05
3764,2.7402868e-05
3765,2.7401235e-05
3766,2.7399648e-05
3767,2.739813e-05
3768,2.7396612e-05
3769,2.7395143e-05
3770,2.7393742e-05
3771,2.7392407e-05
3772,2.7391121e-05
3773,2.7389835e-05
3774,2.7388684e-05
3775,2.7387514e-05
3776,2.7386433e-05
3777,2.738533e-05
3778,2.7384342e-05
3779,2.7383307e-05
3780,2.7382364e-05
3781,2.738142e-05
3782,2.7380549e-05
3783,2.7379654e-05
3784,2.737885e-05
3785,2.7377999e-05
3786,2.7377217e-05
3787,2.737646e-05
3788,2.7375747e-05
3789,2.7375014e-05
3790,2.7374323e-05
3791,2.7373702e-05
3792,2.7373057e-05
3793,2.7372438e-05
3794,2.7371841e-05
3795,2.7371338e-05
3796,2.7370761e-05
3797,2.7370186e-05
3798,2.7369728e-05
3799,2.7369222e-05
3800,2.7368784e-05
3801,2.7368233e-05
3802,2.7367822e-05
3803,2.7367385e-05
3804,2.7366948e-05
3805,2.7366556e-05
3806,2.7366119e-05
3807,2.7365777e-05
3808,2.736534e-05
3809,2.736511e-05
3810,2.7364695e-05
3811,2.7364375e-05
3812,2.7364053e-05
3813,2.7363776e-05
3814,2.7363434e-05
3815,2.7363134e-05
3816,2.7362836e-05
3817,2.7362561e-05
3818,2.7362239e-05
3819,2.7362079e-05
3820,2.7361777e-05
3821,2.7361528e-05
3822,2.7361295e-05
3823,2.7361068e-05
3824,2.7360906e-05
3825,2.7360655e-05
3826,2.7360493e-05
3827,2.7360262e-05
3828,2.7360104e-05
3829,2.7359849e-05
3830,2.7359689e-05
3831,2.7359505e-05
3832,2.7359367e-05
3833,2.7359207e-05
3834,2.7359023e-05
3835,2.7358863e-05
3836,2.7358748e-05
3837,2.7358587e-05
3838,2.7358472e-05
3839,2.7358334e-05
3840,2.7358172e-05
3841,2.7358057e-05
3842,2.7357919e-05
3843,2.7357757e-05
3844,2.735769e-05
3845,2.7357575e-05
3846,2.735746e-05
3847,2.7357393e-05
3848,2.7357277e-05
3849,2.735716e-05
3850,2.735707e-05
3851,2.7356979e-05
3852,2.735691e-05
3853,2.7356817e-05
3854,2.7356702e-05
3855,2.7356633e-05
3856,2.7356542e-05
3857,2.735652e-05
3858,2.7356358e-05
3859,2.7356358e-05
3860,2.7356287e-05
3861,2.7356244e-05
3862,2.735615e-05
3863,2.7356105e-05
3864,2.735606e-05
3865,2.735599e-05
3866,2.7355924e-05
3867,2.7355829e-05
3868,2.7355762e-05
3869,2.7355736e-05
3870,2.7355714e-05
3871,2.7355647e-05
3872,2.7355647e-05
3873,2.7355554e-05
3874,2.7355463e-05
3875,2.7355487e-05
3876,2.7355414e-05
3877,2.735537e-05
3878,2.7355392e-05
3879,2.7355325e-05
3880,2.73553e-05
3881,2.735521e-05
3882,2.7355187e-05
3883,2.7355187e-05
3884,2.7355118e-05
3885,2.7355096e-05
3886,2.7355072e-05
3887,2.7355027e-05
3888,2.735505e-05
3889,2.7355003e-05
3890,2.7354934e-05
3891,2.7354889e-05
3892,2.7354889e-05
3893,2.735491e-05
3894,2.7354889e-05
3895,2.7354889e-05
3896,2.7354863e-05
3897,2.7354841e-05
3898,2.735482e-05
3899,2.7354796e-05
3900,2.7354774e-05
3901,2.735475e-05
3902,2.735475e-05
3903,2.735466e-05
3904,2.7354636e-05
3905,2.7354636e-05
3906,2.735459e-05
3907,2.735459e-05
3908,2.7354636e-05
3909,2.735459e-05
3910,2.7354545e-05
3911,2.7354545e-05
3912,2.7354545e-05
3913,2.7354545e-05
3914,2.735452e-05
3915,2.735452e-05
3916,2.735452e-05
3917,2.7354545e-05
3918,2.7354545e-05
3919,2.735452e-05
3920,2.735452e-05
3921,2.7354497e-05
3922,2.735452e-05
3923,2.7354497e-05
3924,2.7354497e-05
3925,2.7354426e-05
3926,2.7354426e-05
3927,2.7354405e-05
3928,2.7354405e-05
3929,2.7354405e-05
3930,2.7354383e-05
3931,2.7354383e-05
3932,2.7354405e-05
3933,2.735436e-05
3934,2.7354383e-05
3935,2.7354405e-05
3936,2.7354383e-05
3937,2.7354383e-05
3938,2.7354383e-05
3939,0.0027057144
3940,0.00048912753
3941,0.0001742998
3942,9.2164046e-05
3943,6.202818e-05
3944,4.8887196e-05
3945,4.2141182e-05
3946,3.8184284e-05
3947,3.561533e-05
3948,3.382339e-05
3949,3.251252e-05
3950,3.1523196e-05
3951,3.076137e-05
3952,3.0166473e-05
3953,2.9697354e-05
3954,2.9324412e-05
3955,2.9025969e-05
3956,2.8785618e-05
3957,2.8590768e-05
3958,2.8431974e-05
3959,2.8301718e-05
3960,2.819419e-05
3961,2.8104698e-05
3962,2.8029854e-05
3963,2.796672e-05
3964,2.7913053e-05
3965,2.7867134e-05
3966,2.782753e-05
3967,2.7793163e-05
3968,2.7763026e-05
3969,2.773647e-05
3970,2.7712953e-05
3971,0.11439101
3972,0.78406495
3973,0.32654122
3974,0.005176158
3975,0.013772689
3976,0.009896386
3977,0.006308349
3978,0.004009705
3979,0.0026094513
3980,0.0017513969
3981,0.0012141146
3982,0.11739611
3983,0.8660878
3984,0.38710633
3985,0.0062832623
3986,0.019031247
3987,0.0135834245
3988,0.008716291
3989,0.005612853
3990,0.0037084245
3991,0.0025272635
3992,0.0017774128
3993,0.0012883133
3994,0.00096047577
3995,0.0007349791
3996,0.00057614024
3997,0.00046180096
3998,0.00037784982
3999,0.00031508156
4000,0.00026735675
4001,0.0002304972
4002,0.00020160773
4003,0.00017864845
4004,0.00016016065
4005,0.00014508648
4006,0.0001326492
4007,0.00012227135
4008,0.000113519025
4009,0.00010606291
4010,9.96503e-05
4011,9.408544e-05
4012,8.921581e-05
4013,8.4920975e-05
4014,8.11056e-05
4015,7.7693294e-05
4016,7.462235e-05
4017,0.062067617
4018,0.9093476
4019,0.33111188
4020,0.0053701536
4021,0.014299086
4022,0.010300022
4023,0.006609496
4024,0.004237814
4025,0.0027854564
4026,0.0018897939
4027,0.00132497
4028,0.0009589396
4029,0.00071500865
4030,0.00054804323
4031,0.00043089874
4032,0.00034683553
4033,0.00028526035
4034,0.00023930312
4035,0.00020440407
4036,0.00017747343
4037,0.00015637714
4038,0.00013961614
4039,0.00012612063
4040,0.00011511618
4041,0.0001060346
4042,9.8454126e-05
4043,9.2058086e-05
4044,8.660603e-05
4045,8.1913335e-05
4046,7.783766e-05
4047,7.4267664e-05
4048,7.1115486e-05
4049,6.831165e-05
4050,0.002414235
4051,0.0006244322
4052,0.00024906648
4053,0.00014537179
4054,0.00010471482
4055,8.564354e-05
4056,7.5020485e-05
4057,6.822123e-05
4058,6.340165e-05
4059,5.9739534e-05
4060,0.006135849
4061,0.00114422
4062,0.0003723425
4063,0.00018812437
4064,0.0001217216
4065,9.2512346e-05
4066,7.708765e-05
4067,6.768991e-05
4068,6.133804e-05
4069,5.672892e-05
4070,5.3221105e-05
4071,5.0462215e-05
4072,4.823958e-05
4073,4.6414807e-05
4074,0.0025549403
4075,0.00055481546
4076,0.00020953975
4077,0.00011659784
4078,8.1256556e-05
4079,6.523194e-05
4080,5.6641173e-05
4081,5.1362913e-05
4082,4.777053e-05
4083,4.5144614e-05
4084,4.3130898e-05
4085,4.153505e-05
4086,0.0004963887
4087,0.0002076009
4088,0.000102234466
4089,6.843249e-05
4090,5.4216136e-05
4091,4.731576e-05
4092,4.344007e-05
4093,4.0973442e-05
4094,3.9244762e-05
4095,3.7948103e-05
4096,3.6929938e-05
4097,3.610498e-05
4098,3.54216e-05
4099,3.484549e-05
4100,3.4352972e-05
4101,3.392629e-05
4102,3.35525e-05
4103,3.3221593e-05
4104,3.292563e-05
4105,3.265854e-05
4106,3.241546e-05
4107,3.2192722e-05
4108,3.198714e-05
4109,3.179628e-05
4110,3.161817e-05
4111,3.1451265e-05
4112,0.00053034385
4113,0.00018810629
4114,9.018743e-05
4115,5.94249e-05
4116,4.6792815e-05
4117,0.018693829
4118,0.0028435646
4119,0.18625183
4120,0.84952605
4121,0.4001954
4122,0.370112
4123,0.33361238
4124,0.46478546
4125,0.012539767
4126,0.034392137
4127,0.022832856
4128,0.01464816
4129,0.009561952
4130,0.006415978
4131,0.0044321073
4132,0.0031498
4133,0.0022992715
4134,0.0017208322
4135,0.0013181318
4136,1.2226791e-05
4137,0.0013956038
4138,0.0008786736
4139,0.00065179844
4140,0.0005192747
4141,0.00043092607
4142,0.00036682497
4143,0.0003179894
4144,0.0002796497
4145,0.0002489193
4146,0.00022388817
4147,0.00020321929
4148,0.00018594398
4149,0.00017134366
4150,0.00015887665
4151,0.00014812876
4152,0.00013878022
4153,0.00013058155
4154,0.00012333579
4155,0.000116886986
4156,0.00011111014
4157,0.00010590431
4158,0.0001011877
4159,9.6892916e-05
4160,9.296485e-05
4161,8.9357556e-05
4162,8.6032385e-05
4163,8.2957245e-05
4164,8.0104684e-05
4165,0.15360573
4166,0.0014070746
4167,0.012132722
4168,0.0031734682
4169,0.0015834264
4170,0.028722381
4171,0.009790298
4172,0.0022775407
4173,0.0010750233
4174,0.00063759333
4175,0.00043190547
4176,0.009352976
4177,0.0027994004
4178,0.0008878773
4179,0.00045176336
4180,0.00028659558
4181,0.00020841084
4182,0.09123131
4183,0.019037146
4184,0.64825326
4185,0.37464678
4186,0.42000484
4187,0.010108651
4188,0.028059386
4189,0.018989367
4190,0.012088744
4191,0.0077991444
4192,0.005172985
4193,0.0035377457
4194,0.00249389
4195,0.0018093359
4196,0.5848161
4197,0.024854045
4198,0.043734197
4199,0.013566748
4200,0.00894164
4201,0.005781979
4202,0.003824795
4203,3.8899114e-05
4204,0.0037570114
4205,0.0018992187
4206,0.0012349471
4207,0.0008876715
4208,0.0137147335
4209,0.81166124
4210,0.28703597
4211,0.005634699
4212,0.012363577
4213,0.008989854
4214,0.00589581
4215,0.0038717338
4216,0.002609264
4217,0.0018706601
4218,0.004161344
4219,0.001786111
4220,0.001091221
4221,0.0007643039
4222,0.0005777319
4223,0.00045694332
4224,0.00037283034
4225,0.00031160182
4226,0.00026567694
4227,0.00023044
4228,0.00020289033
4229,0.00018099212
4230,0.0001633233
4231,0.00014886816
4232,0.0001368887
4233,0.00012683988
4234,0.00011831442
4235,0.000111003894
4236,0.00010467308
4237,9.913977e-05
4238,9.426196e-05
4239,8.992814e-05
4240,8.604977e-05
4241,8.255588e-05
4242,7.938954e-05
4243,7.650432e-05
4244,0.00040116045
4245,0.00027736786
4246,0.0001496418
4247,0.000106664804
4248,8.756945e-05
4249,7.7645454e-05
4250,7.1589675e-05
4251,6.737483e-05
4252,6.415222e-05
4253,6.15321e-05
4254,5.931733e-05
4255,5.7396857e-05
4256,5.5701712e-05
4257,5.4185548e-05
4258,5.2815238e-05
4259,0.006191956
4260,0.0011244331
4261,0.0003644958
4262,0.00018388097
4263,0.0001191022
4264,9.078031e-05
4265,0.77195495
4266,0.46836436
4267,0.3704094
4268,0.015411272
4269,0.031334445
4270,0.020506242
4271,0.012933008
4272,0.008297278
4273,0.005474677
4274,0.0037247918
4275,0.60678416
4276,0.45222473
4277,0.4552202
4278,0.011052741
4279,0.03206504
4280,0.021693226
4281,0.013967859
4282,0.00913553
4283,0.0061462666
4284,0.004263346
4285,0.0030471054
4286,0.002240042
4287,0.0016901973
4288,0.0013062367
4289,0.0010319814
4290,0.0008320077
4291,0.0006834251
4292,0.0005710968
4293,0.00048479938
4294,0.04349469
4295,0.015404747
4296,0.018614456
4297,0.0036339138
4298,0.0018219932
4299,0.0011401039
4300,0.00079989387
4301,0.00059832365
4302,0.00046742993
4303,0.00037763704
4304,0.0015631592
4305,0.15652327
4306,0.045729678
4307,0.004624681
4308,0.002444536
4309,0.0014881518
4310,0.0009947208
4311,0.0007045195
4312,0.000521655
4313,0.0004011417
4314,0.0003188874
4315,0.0002610101
4316,0.00021915254
4317,0.00022223851
4318,0.0004462934
4319,0.00025538006
4320,0.00018468288
4321,0.00014974194
4322,0.00012941404
4323,0.00011583526
4324,0.000105860985
4325,9.807548e-05
4326,0.0022721959
4327,0.23896442
4328,0.7394899
4329,0.39500847
4330,0.006519771
4331,0.02018997
4332,0.014293585
4333,0.009131231
4334,0.0058624838
4335,0.003864654
4336,0.0026291197
4337,0.001846544
4338,0.07744559
4339,0.0044170716
4340,0.02421368
4341,0.0049360185
4342,0.0026414369
4343,0.0016742933
4344,0.001153258
4345,0.0008340186
4346,0.10141811
4347,0.36823305
4348,0.21159817
4349,0.0056612063
4350,0.0088937795
4351,0.006394407
4352,0.0042292806
4353,0.0028030358
4354,0.0019052146
4355,0.0013370642
4356,0.00096987304
4357,0.0007261858
4358,0.14217645
4359,0.74416316
4360,0.36129528
4361,0.006090367
4362,0.0015962957
4363,0.034428675
4364,0.010573998
4365,0.006394407
4366,0.004144698
4367,0.0028107548
4368,0.10737558
4369,0.510404
4370,0.2992399
4371,0.006141819
4372,0.01400089
4373,0.010208356
4374,0.0028482988
4375,0.0057949675
4376,0.0033717067
4377,0.14588107
4378,0.5010192
4379,0.32112688
4380,0.06918481
4381,0.5355304
4382,0.41997308
4383,0.008951149
4384,0.025160223
4385,0.017614465
4386,0.011479269
4387,0.0075742356
4388,0.0051374803
4389,0.0035917421
4390,0.0025866963
4391,0.0019155827
4392,0.5826264
4393,0.017143771
4394,0.051470526
4395,0.014168024
4396,0.009615289
4397,0.006275844
4398,0.004181644
4399,0.0028642933
4400,0.002024682
4401,0.001477762
4402,0.001112159
4403,0.00086109317
4404,0.0006841249
4405,0.0005563124
4406,0.00046192118
4407,0.00039078065
4408,0.00033615783
4409,0.00029349397
4410,0.0002596378
4411,0.0002323706
4412,0.4915242
4413,0.020760445
4414,0.028654985
4415,0.009185507
4416,0.005609284
4417,0.0035684537
4418,0.0003957284
4419,0.002398068
4420,0.00039932286
4421,0.00893256
4422,0.006917475
4423,0.0020343023
4424,0.019368455
4425,0.94411075
4426,0.333408
4427,0.0057422137
4428,0.014995077
4429,0.010843189
4430,0.0070313667
4431,0.04781076
4432,0.07938593
4433,0.08712598
4434,0.007483937
4435,0.00551217
4436,0.0037001933
4437,0.0025180415
4438,0.0017539636
4439,0.0012567863
4440,0.0009277745
4441,0.0007052219
4442,0.00055103627
4443,0.00044163046
4444,0.00036221003
4445,0.0003033225
4446,0.00025879877
4447,0.00022452454
4448,0.00019769804
4449,0.00017637333
4450,0.0001591748
4451,0.00014511448
4452,0.00013347105
4453,0.00012371225
4454,0.00011543972
4455,0.000108351946
4456,0.5388965
4457,0.033878103
4458,0.023571985
4459,0.008855212
4460,0.0048972215
4461,0.08374048
4462,0.015764352
4463,0.6071402
4464,0.38012818
4465,0.29934573
4466,0.027340768
4467,0.07189162
4468,0.020141484
4469,0.0143954
4470,0.009398451
4471,0.0062309103
4472,0.0042331037
4473,0.002957527
4474,0.0021258965
4475,0.0015705788
4476,0.0011906478
4477,0.0009245794
4478,0.00073415204
4479,0.0005950976
4480,0.0004916575
4481,0.00041337594
4482,0.0003531744
4483,0.00030617212
4484,0.30921006
4485,0.041805323
4486,0.010527639
4487,0.0048645986
4488,0.0029075358
4489,0.0018837677
4490,0.0012829666
4491,0.0009098579
4492,0.00066969177
4493,0.000510263
4494,0.104618445
4495,0.9681899
4496,0.11515084
4497,0.08861895
4498,0.19095369
4499,0.15324123
4500,0.16029975
4501,0.012171329
4502,0.012199989
4503,0.0039645964
4504,0.007212674
4505,6.532473e-05
4506,0.0019445792
4507,0.0037425142
4508,0.0002927475
4509,0.002162928
4510,0.11299177
4511,0.03687245
4512,0.76453924
4513,0.28782463
4514,0.006014664
4515,0.012950953
4516,0.00941121
4517,0.0012757058
4518,7.4828786e-05
4519,0.014966133
4520,0.5789417
4521,0.013019791
4522,0.2010678
4523,0.016294586
4524,0.23827851
4525,0.0014455457
4526,0.12880166
4527,0.015737126
4528,0.014479113
4529,0.19789225
4530,0.10790419
4531,0.010838497
4532,0.037632033
4533,0.04119458
4534,0.0079029305
4535,0.0047982624
4536,0.0031990479
4537,0.27560553
4538,0.10424695
4539,0.0067223664
4540,0.005409246
4541,0.0036949904
4542,0.0025447325
4543,0.0017959718
4544,0.0013063104
4545,0.26269042
4546,0.06766638
4547,0.0074712764
4548,0.004537988
4549,0.21284316
4550,0.31934884
4551,0.28545037
4552,0.0069911126
4553,0.014663068
4554,0.010561552
4555,0.0069468836
4556,0.004591162
4557,0.0031156424
4558,0.0021824518
4559,0.0021289517
4560,2.8109669e-05
4561,0.0035183192
4562,0.0015658657
4563,0.0125309145
4564,0.0057554576
4565,0.00018728223
4566,0.0021255077
4567,0.68992627
4568,0.23971403
4569,0.0020621517
4570,0.12102565
4571,0.0526674
4572,0.14232148
4573,0.09056999
4574,0.010302853
4575,0.089560464
