timestamp,value
1970-01-01 00:00:00,0.613
1970-01-01 00:00:01,0.44799999999999995
1970-01-01 00:00:02,-0.157
1970-01-01 00:00:03,0.3
1970-01-01 00:00:04,-0.306
1970-01-01 00:00:05,0.305
1970-01-01 00:00:06,0.318
1970-01-01 00:00:07,0.157
1970-01-01 00:00:08,-0.442
1970-01-01 00:00:09,0.011000000000000001
1970-01-01 00:00:10,0.057999999999999996
1970-01-01 00:00:11,0.586
1970-01-01 00:00:12,0.03
1970-01-01 00:00:13,0.8240000000000001
1970-01-01 00:00:14,-0.414
1970-01-01 00:00:15,-0.799
1970-01-01 00:00:16,-0.33399999999999996
1970-01-01 00:00:17,1.091
1970-01-01 00:00:18,-0.519
1970-01-01 00:00:19,0.004
1970-01-01 00:00:20,0.075
1970-01-01 00:00:21,-0.071
1970-01-01 00:00:22,0.272
1970-01-01 00:00:23,0.14300000000000002
1970-01-01 00:00:24,-0.003
1970-01-01 00:00:25,0.209
1970-01-01 00:00:26,-0.243
1970-01-01 00:00:27,-0.131
1970-01-01 00:00:28,-0.149
1970-01-01 00:00:29,0.12300000000000001
1970-01-01 00:00:30,0.8540000000000001
1970-01-01 00:00:31,0.08900000000000001
1970-01-01 00:00:32,-0.583
1970-01-01 00:00:33,-0.332
1970-01-01 00:00:34,0.055
1970-01-01 00:00:35,-0.047
1970-01-01 00:00:36,-0.147
1970-01-01 00:00:37,0.7340000000000001
1970-01-01 00:00:38,0.099
1970-01-01 00:00:39,0.479
1970-01-01 00:00:40,0.017
1970-01-01 00:00:41,-0.42100000000000004
1970-01-01 00:00:42,0.342
1970-01-01 00:00:43,-0.012
1970-01-01 00:00:44,0.452
1970-01-01 00:00:45,0.502
1970-01-01 00:00:46,0.003
1970-01-01 00:00:47,0.006
1970-01-01 00:00:48,0.191
1970-01-01 00:00:49,0.13
1970-01-01 00:00:50,-0.359
1970-01-01 00:00:51,-0.373
1970-01-01 00:00:52,0.636
1970-01-01 00:00:53,-0.386
1970-01-01 00:00:54,-0.027000000000000003
1970-01-01 00:00:55,-0.332
1970-01-01 00:00:56,0.371
1970-01-01 00:00:57,-0.145
1970-01-01 00:00:58,-0.302
1970-01-01 00:00:59,-0.102
1970-01-01 00:01:00,0.415
1970-01-01 00:01:01,0.057
1970-01-01 00:01:02,-0.10300000000000001
1970-01-01 00:01:03,-0.794
1970-01-01 00:01:04,0.233
1970-01-01 00:01:05,-0.147
1970-01-01 00:01:06,0.364
1970-01-01 00:01:07,0.23600000000000002
1970-01-01 00:01:08,-0.012
1970-01-01 00:01:09,0.254
1970-01-01 00:01:10,-0.08
1970-01-01 00:01:11,0.10300000000000001
1970-01-01 00:01:12,-0.14300000000000002
1970-01-01 00:01:13,-0.544
1970-01-01 00:01:14,-0.579
1970-01-01 00:01:15,-0.149
1970-01-01 00:01:16,0.214
1970-01-01 00:01:17,0.205
1970-01-01 00:01:18,-0.21600000000000003
1970-01-01 00:01:19,0.48100000000000004
1970-01-01 00:01:20,0.28300000000000003
1970-01-01 00:01:21,-0.046
1970-01-01 00:01:22,0.115
1970-01-01 00:01:23,0.431
1970-01-01 00:01:24,-0.01
1970-01-01 00:01:25,0.557
1970-01-01 00:01:26,-0.033
1970-01-01 00:01:27,0.055
1970-01-01 00:01:28,0.36700000000000005
1970-01-01 00:01:29,0.546
1970-01-01 00:01:30,0.078
1970-01-01 00:01:31,0.41100000000000003
1970-01-01 00:01:32,-0.7120000000000001
1970-01-01 00:01:33,0.092
1970-01-01 00:01:34,-0.14300000000000002
1970-01-01 00:01:35,-0.19399999999999998
1970-01-01 00:01:36,-0.306
1970-01-01 00:01:37,0.223
1970-01-01 00:01:38,0.27899999999999997
1970-01-01 00:01:39,0.022000000000000002
1970-01-01 00:01:40,0.040999999999999995
1970-01-01 00:01:41,-0.40399999999999997
1970-01-01 00:01:42,-0.359
1970-01-01 00:01:43,0.392
1970-01-01 00:01:44,0.233
1970-01-01 00:01:45,-0.31
1970-01-01 00:01:46,-0.064
1970-01-01 00:01:47,-0.9159999999999999
1970-01-01 00:01:48,0.008
1970-01-01 00:01:49,0.134
1970-01-01 00:01:50,-0.032
1970-01-01 00:01:51,0.083
1970-01-01 00:01:52,-0.578
1970-01-01 00:01:53,-0.084
1970-01-01 00:01:54,0.106
1970-01-01 00:01:55,-0.496
1970-01-01 00:01:56,0.295
1970-01-01 00:01:57,-0.12300000000000001
1970-01-01 00:01:58,-0.419
1970-01-01 00:01:59,0.28300000000000003
1970-01-01 00:02:00,0.29600000000000004
1970-01-01 00:02:01,1.0190000000000001
1970-01-01 00:02:02,-0.406
1970-01-01 00:02:03,-0.43799999999999994
1970-01-01 00:02:04,0.193
1970-01-01 00:02:05,0.19699999999999998
1970-01-01 00:02:06,-0.426
1970-01-01 00:02:07,-0.381
1970-01-01 00:02:08,-0.18600000000000003
1970-01-01 00:02:09,-0.066
1970-01-01 00:02:10,-0.611
1970-01-01 00:02:11,0.544
1970-01-01 00:02:12,0.418
1970-01-01 00:02:13,0.10099999999999999
1970-01-01 00:02:14,0.41
1970-01-01 00:02:15,-0.446
1970-01-01 00:02:16,0.228
1970-01-01 00:02:17,0.237
1970-01-01 00:02:18,-0.384
1970-01-01 00:02:19,-0.495
1970-01-01 00:02:20,-0.161
1970-01-01 00:02:21,-0.185
1970-01-01 00:02:22,0.124
1970-01-01 00:02:23,0.381
1970-01-01 00:02:24,-0.162
1970-01-01 00:02:25,-0.161
1970-01-01 00:02:26,0.424
1970-01-01 00:02:27,0.6659999999999999
1970-01-01 00:02:28,0.212
1970-01-01 00:02:29,0.37
1970-01-01 00:02:30,-0.183
1970-01-01 00:02:31,-0.7040000000000001
1970-01-01 00:02:32,-0.2
1970-01-01 00:02:33,-0.444
1970-01-01 00:02:34,0.691
1970-01-01 00:02:35,0.431
1970-01-01 00:02:36,-0.6779999999999999
1970-01-01 00:02:37,-0.075
1970-01-01 00:02:38,0.12300000000000001
1970-01-01 00:02:39,0.536
1970-01-01 00:02:40,-0.245
1970-01-01 00:02:41,-0.48
1970-01-01 00:02:42,0.023
1970-01-01 00:02:43,-0.43700000000000006
1970-01-01 00:02:44,-0.43700000000000006
1970-01-01 00:02:45,-0.091
1970-01-01 00:02:46,0.313
1970-01-01 00:02:47,-0.122
1970-01-01 00:02:48,-0.342
1970-01-01 00:02:49,0.32
1970-01-01 00:02:50,0.6629999999999999
1970-01-01 00:02:51,0.336
1970-01-01 00:02:52,0.023
1970-01-01 00:02:53,-0.17300000000000001
1970-01-01 00:02:54,0.12
1970-01-01 00:02:55,0.682
1970-01-01 00:02:56,0.823
1970-01-01 00:02:57,-0.075
1970-01-01 00:02:58,-0.426
1970-01-01 00:02:59,0.385
1970-01-01 00:03:00,0.6609999999999999
1970-01-01 00:03:01,0.18100000000000002
1970-01-01 00:03:02,0.544
1970-01-01 00:03:03,-0.8859999999999999
1970-01-01 00:03:04,-0.6409999999999999
1970-01-01 00:03:05,-0.151
1970-01-01 00:03:06,0.20199999999999999
1970-01-01 00:03:07,-0.23199999999999998
1970-01-01 00:03:08,-0.505
1970-01-01 00:03:09,0.493
1970-01-01 00:03:10,0.052000000000000005
1970-01-01 00:03:11,-0.032
1970-01-01 00:03:12,0.032
1970-01-01 00:03:13,0.312
1970-01-01 00:03:14,0.08
1970-01-01 00:03:15,0.175
1970-01-01 00:03:16,0.473
1970-01-01 00:03:17,-0.26
1970-01-01 00:03:18,-0.013000000000000001
1970-01-01 00:03:19,0.248
1970-01-01 00:03:20,-0.078
1970-01-01 00:03:21,0.282
1970-01-01 00:03:22,-0.27699999999999997
1970-01-01 00:03:23,0.23
1970-01-01 00:03:24,-0.924
1970-01-01 00:03:25,-0.139
1970-01-01 00:03:26,0.128
1970-01-01 00:03:27,0.75
1970-01-01 00:03:28,0.462
1970-01-01 00:03:29,0.09300000000000001
1970-01-01 00:03:30,-0.085
1970-01-01 00:03:31,0.249
1970-01-01 00:03:32,-0.039
1970-01-01 00:03:33,-0.495
1970-01-01 00:03:34,0.212
1970-01-01 00:03:35,-0.439
1970-01-01 00:03:36,0.31
1970-01-01 00:03:37,0.064
1970-01-01 00:03:38,0.025
1970-01-01 00:03:39,-0.301
1970-01-01 00:03:40,-0.596
1970-01-01 00:03:41,0.8959999999999999
1970-01-01 00:03:42,0.316
1970-01-01 00:03:43,-0.122
1970-01-01 00:03:44,-0.34600000000000003
1970-01-01 00:03:45,-0.359
1970-01-01 00:03:46,0.25
1970-01-01 00:03:47,0.523
1970-01-01 00:03:48,-0.456
1970-01-01 00:03:49,-0.669
1970-01-01 00:03:50,0.266
1970-01-01 00:03:51,0.079
1970-01-01 00:03:52,-0.087
1970-01-01 00:03:53,0.171
1970-01-01 00:03:54,0.405
1970-01-01 00:03:55,0.12
1970-01-01 00:03:56,-0.196
1970-01-01 00:03:57,0.32799999999999996
1970-01-01 00:03:58,0.364
1970-01-01 00:03:59,-0.07
1970-01-01 00:04:00,0.502
1970-01-01 00:04:01,-0.6459999999999999
1970-01-01 00:04:02,0.245
1970-01-01 00:04:03,-0.349
1970-01-01 00:04:04,0.23600000000000002
1970-01-01 00:04:05,-0.524
1970-01-01 00:04:06,-0.17300000000000001
1970-01-01 00:04:07,0.016
1970-01-01 00:04:08,-0.33299999999999996
1970-01-01 00:04:09,-0.152
1970-01-01 00:04:10,-0.33899999999999997
1970-01-01 00:04:11,0.56
1970-01-01 00:04:12,0.34
1970-01-01 00:04:13,-0.289
1970-01-01 00:04:14,-0.583
1970-01-01 00:04:15,-0.408
1970-01-01 00:04:16,-0.377
1970-01-01 00:04:17,-0.409
1970-01-01 00:04:18,0.174
1970-01-01 00:04:19,0.436
1970-01-01 00:04:20,0.075
1970-01-01 00:04:21,0.166
1970-01-01 00:04:22,-0.172
1970-01-01 00:04:23,0.285
1970-01-01 00:04:24,0.27899999999999997
1970-01-01 00:04:25,0.48
1970-01-01 00:04:26,-0.335
1970-01-01 00:04:27,-0.325
1970-01-01 00:04:28,-0.425
1970-01-01 00:04:29,0.10099999999999999
1970-01-01 00:04:30,0.539
1970-01-01 00:04:31,0.035
1970-01-01 00:04:32,0.036000000000000004
1970-01-01 00:04:33,0.165
1970-01-01 00:04:34,0.294
1970-01-01 00:04:35,0.69
1970-01-01 00:04:36,-0.039
1970-01-01 00:04:37,-0.196
1970-01-01 00:04:38,0.045
1970-01-01 00:04:39,0.622
1970-01-01 00:04:40,0.217
1970-01-01 00:04:41,0.262
1970-01-01 00:04:42,0.005
1970-01-01 00:04:43,-0.154
1970-01-01 00:04:44,0.892
1970-01-01 00:04:45,-0.205
1970-01-01 00:04:46,-0.09699999999999999
1970-01-01 00:04:47,-0.18600000000000003
1970-01-01 00:04:48,-0.198
1970-01-01 00:04:49,-0.09699999999999999
1970-01-01 00:04:50,0.5820000000000001
1970-01-01 00:04:51,-0.172
1970-01-01 00:04:52,0.062
1970-01-01 00:04:53,0.16699999999999998
1970-01-01 00:04:54,0.326
1970-01-01 00:04:55,-0.172
1970-01-01 00:04:56,0.07200000000000001
1970-01-01 00:04:57,0.314
1970-01-01 00:04:58,0.639
1970-01-01 00:04:59,0.366
1970-01-01 00:05:00,-0.24100000000000002
1970-01-01 00:05:01,-0.076
1970-01-01 00:05:02,0.239
1970-01-01 00:05:03,0.04
1970-01-01 00:05:04,-0.322
1970-01-01 00:05:05,-0.07200000000000001
1970-01-01 00:05:06,-0.051
1970-01-01 00:05:07,-0.321
1970-01-01 00:05:08,0.22699999999999998
1970-01-01 00:05:09,-0.365
1970-01-01 00:05:10,0.37799999999999995
1970-01-01 00:05:11,0.409
1970-01-01 00:05:12,-0.451
1970-01-01 00:05:13,0.6509999999999999
1970-01-01 00:05:14,-0.457
1970-01-01 00:05:15,-0.275
1970-01-01 00:05:16,-0.159
1970-01-01 00:05:17,0.28600000000000003
1970-01-01 00:05:18,0.086
1970-01-01 00:05:19,0.177
1970-01-01 00:05:20,0.09
1970-01-01 00:05:21,-0.461
1970-01-01 00:05:22,0.575
1970-01-01 00:05:23,-0.19399999999999998
1970-01-01 00:05:24,0.162
1970-01-01 00:05:25,0.039
1970-01-01 00:05:26,-0.634
1970-01-01 00:05:27,0.075
1970-01-01 00:05:28,-0.555
1970-01-01 00:05:29,0.1
1970-01-01 00:05:30,-0.318
1970-01-01 00:05:31,0.147
1970-01-01 00:05:32,-0.008
1970-01-01 00:05:33,-0.035
1970-01-01 00:05:34,0.317
1970-01-01 00:05:35,0.09300000000000001
1970-01-01 00:05:36,0.27399999999999997
1970-01-01 00:05:37,0.19899999999999998
1970-01-01 00:05:38,-0.28600000000000003
1970-01-01 00:05:39,0.109
1970-01-01 00:05:40,0.37200000000000005
1970-01-01 00:05:41,-0.19399999999999998
1970-01-01 00:05:42,0.036000000000000004
1970-01-01 00:05:43,0.45899999999999996
1970-01-01 00:05:44,-0.342
1970-01-01 00:05:45,-0.38799999999999996
1970-01-01 00:05:46,-0.026000000000000002
1970-01-01 00:05:47,-0.311
1970-01-01 00:05:48,0.192
1970-01-01 00:05:49,0.16699999999999998
1970-01-01 00:05:50,0.146
1970-01-01 00:05:51,0.034
1970-01-01 00:05:52,-0.253
1970-01-01 00:05:53,-0.09300000000000001
1970-01-01 00:05:54,0.17
1970-01-01 00:05:55,-0.271
1970-01-01 00:05:56,-0.54
1970-01-01 00:05:57,-0.33299999999999996
1970-01-01 00:05:58,-0.158
1970-01-01 00:05:59,-0.304
1970-01-01 00:06:00,-0.069
1970-01-01 00:06:01,0.184
1970-01-01 00:06:02,0.209
1970-01-01 00:06:03,0.295
1970-01-01 00:06:04,0.036000000000000004
1970-01-01 00:06:05,-0.371
1970-01-01 00:06:06,0.27699999999999997
1970-01-01 00:06:07,0.069
1970-01-01 00:06:08,-0.073
1970-01-01 00:06:09,-0.608
1970-01-01 00:06:10,0.011000000000000001
1970-01-01 00:06:11,0.303
1970-01-01 00:06:12,0.37
1970-01-01 00:06:13,0.611
1970-01-01 00:06:14,-0.18600000000000003
1970-01-01 00:06:15,0.7090000000000001
1970-01-01 00:06:16,0.147
1970-01-01 00:06:17,-0.009000000000000001
1970-01-01 00:06:18,0.423
1970-01-01 00:06:19,0.025
1970-01-01 00:06:20,-0.132
1970-01-01 00:06:21,-0.163
1970-01-01 00:06:22,0.514
1970-01-01 00:06:23,-0.172
1970-01-01 00:06:24,0.48100000000000004
1970-01-01 00:06:25,-0.149
1970-01-01 00:06:26,0.6
1970-01-01 00:06:27,-0.29
1970-01-01 00:06:28,0.066
1970-01-01 00:06:29,-0.397
1970-01-01 00:06:30,-0.191
1970-01-01 00:06:31,-0.207
1970-01-01 00:06:32,0.078
1970-01-01 00:06:33,-0.147
1970-01-01 00:06:34,-0.207
1970-01-01 00:06:35,-0.457
1970-01-01 00:06:36,0.052000000000000005
1970-01-01 00:06:37,0.175
1970-01-01 00:06:38,-0.542
1970-01-01 00:06:39,0.35600000000000004
1970-01-01 00:06:40,0.429
1970-01-01 00:06:41,-0.136
1970-01-01 00:06:42,0.055
1970-01-01 00:06:43,-0.09
1970-01-01 00:06:44,0.063
1970-01-01 00:06:45,-0.24
1970-01-01 00:06:46,-0.124
1970-01-01 00:06:47,-0.142
1970-01-01 00:06:48,0.024
1970-01-01 00:06:49,-0.13699999999999998
1970-01-01 00:06:50,-0.064
1970-01-01 00:06:51,0.081
1970-01-01 00:06:52,0.301
1970-01-01 00:06:53,0.042
1970-01-01 00:06:54,-0.145
1970-01-01 00:06:55,0.38
1970-01-01 00:06:56,0.48200000000000004
1970-01-01 00:06:57,-0.159
1970-01-01 00:06:58,0.35600000000000004
1970-01-01 00:06:59,-0.39399999999999996
1970-01-01 00:07:00,-0.847
1970-01-01 00:07:01,0.215
1970-01-01 00:07:02,-0.563
1970-01-01 00:07:03,0.24600000000000002
1970-01-01 00:07:04,-0.248
1970-01-01 00:07:05,0.171
1970-01-01 00:07:06,0.043
1970-01-01 00:07:07,0.166
1970-01-01 00:07:08,-0.485
1970-01-01 00:07:09,-0.004
1970-01-01 00:07:10,-0.39299999999999996
1970-01-01 00:07:11,0.35100000000000003
1970-01-01 00:07:12,0.84
1970-01-01 00:07:13,-0.026000000000000002
1970-01-01 00:07:14,-0.233
1970-01-01 00:07:15,0.084
1970-01-01 00:07:16,0.008
1970-01-01 00:07:17,0.14
1970-01-01 00:07:18,-0.644
1970-01-01 00:07:19,-0.35700000000000004
1970-01-01 00:07:20,-0.099
1970-01-01 00:07:21,0.047
1970-01-01 00:07:22,-0.409
1970-01-01 00:07:23,0.214
1970-01-01 00:07:24,-0.488
1970-01-01 00:07:25,0.04
1970-01-01 00:07:26,-0.247
1970-01-01 00:07:27,-0.387
1970-01-01 00:07:28,0.198
1970-01-01 00:07:29,-0.972
1970-01-01 00:07:30,-0.21600000000000003
1970-01-01 00:07:31,0.787
1970-01-01 00:07:32,0.662
1970-01-01 00:07:33,0.282
1970-01-01 00:07:34,-0.337
1970-01-01 00:07:35,-0.47700000000000004
1970-01-01 00:07:36,-0.318
1970-01-01 00:07:37,-0.105
1970-01-01 00:07:38,-0.221
1970-01-01 00:07:39,-0.252
1970-01-01 00:07:40,-0.364
1970-01-01 00:07:41,0.26
1970-01-01 00:07:42,-0.48100000000000004
1970-01-01 00:07:43,-0.085
1970-01-01 00:07:44,-0.002
1970-01-01 00:07:45,-0.062
1970-01-01 00:07:46,-0.302
1970-01-01 00:07:47,-0.337
1970-01-01 00:07:48,0.42200000000000004
1970-01-01 00:07:49,-0.7879999999999999
1970-01-01 00:07:50,-0.066
1970-01-01 00:07:51,0.107
1970-01-01 00:07:52,-0.008
1970-01-01 00:07:53,0.12300000000000001
1970-01-01 00:07:54,0.098
1970-01-01 00:07:55,-0.47700000000000004
1970-01-01 00:07:56,-0.657
1970-01-01 00:07:57,-0.32799999999999996
1970-01-01 00:07:58,-0.303
1970-01-01 00:07:59,-0.564
1970-01-01 00:08:00,0.248
1970-01-01 00:08:01,-0.284
1970-01-01 00:08:02,0.028999999999999998
1970-01-01 00:08:03,0.542
1970-01-01 00:08:04,-0.175
1970-01-01 00:08:05,-0.262
1970-01-01 00:08:06,0.5760000000000001
1970-01-01 00:08:07,-0.013999999999999999
1970-01-01 00:08:08,0.045
1970-01-01 00:08:09,0.315
1970-01-01 00:08:10,-0.28600000000000003
1970-01-01 00:08:11,0.028999999999999998
1970-01-01 00:08:12,-0.09699999999999999
1970-01-01 00:08:13,-0.285
1970-01-01 00:08:14,-0.28
1970-01-01 00:08:15,0.245
1970-01-01 00:08:16,0.389
1970-01-01 00:08:17,-0.096
1970-01-01 00:08:18,0.042
1970-01-01 00:08:19,-0.325
1970-01-01 00:08:20,0.439
1970-01-01 00:08:21,-0.516
1970-01-01 00:08:22,0.11900000000000001
1970-01-01 00:08:23,0.121
1970-01-01 00:08:24,0.456
1970-01-01 00:08:25,0.171
1970-01-01 00:08:26,0.233
1970-01-01 00:08:27,0.36200000000000004
1970-01-01 00:08:28,0.493
1970-01-01 00:08:29,0.365
1970-01-01 00:08:30,-0.318
1970-01-01 00:08:31,0.142
1970-01-01 00:08:32,-0.18100000000000002
1970-01-01 00:08:33,0.027999999999999997
1970-01-01 00:08:34,-0.152
1970-01-01 00:08:35,-0.077
1970-01-01 00:08:36,-0.055999999999999994
1970-01-01 00:08:37,0.561
1970-01-01 00:08:38,-0.589
1970-01-01 00:08:39,-0.336
1970-01-01 00:08:40,-0.345
1970-01-01 00:08:41,0.105
1970-01-01 00:08:42,0.092
1970-01-01 00:08:43,-0.039
1970-01-01 00:08:44,0.36
1970-01-01 00:08:45,-0.036000000000000004
1970-01-01 00:08:46,0.293
1970-01-01 00:08:47,0.382
1970-01-01 00:08:48,0.264
1970-01-01 00:08:49,0.311
1970-01-01 00:08:50,0.258
1970-01-01 00:08:51,-0.188
1970-01-01 00:08:52,0.409
1970-01-01 00:08:53,0.175
1970-01-01 00:08:54,0.17300000000000001
1970-01-01 00:08:55,-0.64
1970-01-01 00:08:56,0.6659999999999999
1970-01-01 00:08:57,0.45799999999999996
1970-01-01 00:08:58,0.047
1970-01-01 00:08:59,-0.221
1970-01-01 00:09:00,0.25
1970-01-01 00:09:01,0.696
1970-01-01 00:09:02,-0.168
1970-01-01 00:09:03,0.20600000000000002
1970-01-01 00:09:04,0.019
1970-01-01 00:09:05,-0.6659999999999999
1970-01-01 00:09:06,-0.075
1970-01-01 00:09:07,-0.321
1970-01-01 00:09:08,0.698
1970-01-01 00:09:09,0.45
1970-01-01 00:09:10,-0.345
1970-01-01 00:09:11,-0.019
1970-01-01 00:09:12,0.051
1970-01-01 00:09:13,0.33399999999999996
1970-01-01 00:09:14,-0.581
1970-01-01 00:09:15,0.156
1970-01-01 00:09:16,0.171
1970-01-01 00:09:17,0.35100000000000003
1970-01-01 00:09:18,0.327
1970-01-01 00:09:19,0.7
1970-01-01 00:09:20,-0.152
1970-01-01 00:09:21,0.447
1970-01-01 00:09:22,0.7440000000000001
1970-01-01 00:09:23,0.24600000000000002
1970-01-01 00:09:24,-0.221
1970-01-01 00:09:25,0.042
1970-01-01 00:09:26,0.3
1970-01-01 00:09:27,-0.027999999999999997
1970-01-01 00:09:28,0.217
1970-01-01 00:09:29,0.685
1970-01-01 00:09:30,0.63
1970-01-01 00:09:31,-0.062
1970-01-01 00:09:32,0.022000000000000002
1970-01-01 00:09:33,-0.256
1970-01-01 00:09:34,0.21600000000000003
1970-01-01 00:09:35,0.162
1970-01-01 00:09:36,0.92
1970-01-01 00:09:37,-0.855
1970-01-01 00:09:38,0.41100000000000003
1970-01-01 00:09:39,0.424
1970-01-01 00:09:40,-0.051
1970-01-01 00:09:41,-0.299
1970-01-01 00:09:42,0.08900000000000001
1970-01-01 00:09:43,0.17
1970-01-01 00:09:44,0.034
1970-01-01 00:09:45,-0.152
1970-01-01 00:09:46,0.192
1970-01-01 00:09:47,-0.16399999999999998
1970-01-01 00:09:48,-0.28300000000000003
1970-01-01 00:09:49,0.111
1970-01-01 00:09:50,-0.371
1970-01-01 00:09:51,0.10099999999999999
1970-01-01 00:09:52,-0.221
1970-01-01 00:09:53,0.397
1970-01-01 00:09:54,0.032
1970-01-01 00:09:55,-0.424
1970-01-01 00:09:56,0.31
1970-01-01 00:09:57,-0.18600000000000003
1970-01-01 00:09:58,0.107
1970-01-01 00:09:59,0.07200000000000001
1970-01-01 00:10:00,0.585
1970-01-01 00:10:01,-0.017
1970-01-01 00:10:02,-0.34
1970-01-01 00:10:03,0.428
1970-01-01 00:10:04,-0.204
1970-01-01 00:10:05,-0.114
1970-01-01 00:10:06,0.223
1970-01-01 00:10:07,0.635
1970-01-01 00:10:08,-0.612
1970-01-01 00:10:09,-0.29600000000000004
1970-01-01 00:10:10,-0.055
1970-01-01 00:10:11,-1.018
1970-01-01 00:10:12,-0.177
1970-01-01 00:10:13,0.413
1970-01-01 00:10:14,0.299
1970-01-01 00:10:15,0.154
1970-01-01 00:10:16,-0.266
1970-01-01 00:10:17,-0.278
1970-01-01 00:10:18,0.242
1970-01-01 00:10:19,0.332
1970-01-01 00:10:20,-0.7090000000000001
1970-01-01 00:10:21,-0.33899999999999997
1970-01-01 00:10:22,0.135
1970-01-01 00:10:23,0.053
1970-01-01 00:10:24,0.311
1970-01-01 00:10:25,0.5329999999999999
1970-01-01 00:10:26,-0.599
1970-01-01 00:10:27,-0.545
1970-01-01 00:10:28,0.41
1970-01-01 00:10:29,0.08
1970-01-01 00:10:30,-0.6709999999999999
1970-01-01 00:10:31,-0.05
1970-01-01 00:10:32,-0.764
1970-01-01 00:10:33,-0.067
1970-01-01 00:10:34,-0.22
1970-01-01 00:10:35,0.121
1970-01-01 00:10:36,-0.175
1970-01-01 00:10:37,-0.024
1970-01-01 00:10:38,-0.449
1970-01-01 00:10:39,-0.19899999999999998
1970-01-01 00:10:40,0.166
1970-01-01 00:10:41,0.515
1970-01-01 00:10:42,0.011000000000000001
1970-01-01 00:10:43,-0.23
1970-01-01 00:10:44,-0.204
1970-01-01 00:10:45,0.677
1970-01-01 00:10:46,0.17
1970-01-01 00:10:47,-0.223
1970-01-01 00:10:48,0.268
1970-01-01 00:10:49,-0.027000000000000003
1970-01-01 00:10:50,-0.35100000000000003
1970-01-01 00:10:51,-0.174
1970-01-01 00:10:52,0.308
1970-01-01 00:10:53,0.319
1970-01-01 00:10:54,0.38799999999999996
1970-01-01 00:10:55,-0.56
1970-01-01 00:10:56,0.069
1970-01-01 00:10:57,0.653
1970-01-01 00:10:58,-0.261
1970-01-01 00:10:59,0.063
1970-01-01 00:11:00,-0.325
1970-01-01 00:11:01,0.003
1970-01-01 00:11:02,-0.226
1970-01-01 00:11:03,0.08
1970-01-01 00:11:04,-0.39
1970-01-01 00:11:05,0.11
1970-01-01 00:11:06,-0.054000000000000006
1970-01-01 00:11:07,0.196
1970-01-01 00:11:08,0.5589999999999999
1970-01-01 00:11:09,-0.578
1970-01-01 00:11:10,0.021
1970-01-01 00:11:11,-0.514
1970-01-01 00:11:12,0.355
1970-01-01 00:11:13,-0.152
1970-01-01 00:11:14,-0.223
1970-01-01 00:11:15,-0.105
1970-01-01 00:11:16,0.027999999999999997
1970-01-01 00:11:17,-0.152
1970-01-01 00:11:18,0.213
1970-01-01 00:11:19,-0.5720000000000001
1970-01-01 00:11:20,0.8240000000000001
1970-01-01 00:11:21,-0.348
1970-01-01 00:11:22,0.812
1970-01-01 00:11:23,-0.027000000000000003
1970-01-01 00:11:24,-0.336
1970-01-01 00:11:25,-0.018000000000000002
1970-01-01 00:11:26,-0.22699999999999998
1970-01-01 00:11:27,0.449
1970-01-01 00:11:28,-0.531
1970-01-01 00:11:29,0.111
1970-01-01 00:11:30,-0.113
1970-01-01 00:11:31,0.109
1970-01-01 00:11:32,0.5479999999999999
1970-01-01 00:11:33,-0.9209999999999999
1970-01-01 00:11:34,0.26
1970-01-01 00:11:35,-0.6970000000000001
1970-01-01 00:11:36,-0.7290000000000001
1970-01-01 00:11:37,0.652
1970-01-01 00:11:38,-0.6409999999999999
1970-01-01 00:11:39,0.031
1970-01-01 00:11:40,-0.106
1970-01-01 00:11:41,0.614
1970-01-01 00:11:42,-0.648
1970-01-01 00:11:43,-0.114
1970-01-01 00:11:44,0.139
1970-01-01 00:11:45,-0.34299999999999997
1970-01-01 00:11:46,0.51
1970-01-01 00:11:47,0.308
1970-01-01 00:11:48,-0.042
1970-01-01 00:11:49,0.215
1970-01-01 00:11:50,-0.445
1970-01-01 00:11:51,0.156
1970-01-01 00:11:52,0.11900000000000001
1970-01-01 00:11:53,-0.134
1970-01-01 00:11:54,0.10300000000000001
1970-01-01 00:11:55,-0.114
1970-01-01 00:11:56,0.122
1970-01-01 00:11:57,-0.32
1970-01-01 00:11:58,-0.091
1970-01-01 00:11:59,0.5329999999999999
1970-01-01 00:12:00,0.159
1970-01-01 00:12:01,0.298
1970-01-01 00:12:02,-0.01
1970-01-01 00:12:03,-0.126
1970-01-01 00:12:04,0.419
1970-01-01 00:12:05,0.162
1970-01-01 00:12:06,0.847
1970-01-01 00:12:07,0.306
1970-01-01 00:12:08,0.326
1970-01-01 00:12:09,-0.039
1970-01-01 00:12:10,-0.153
1970-01-01 00:12:11,0.08199999999999999
1970-01-01 00:12:12,-0.636
1970-01-01 00:12:13,0.713
1970-01-01 00:12:14,-0.004
1970-01-01 00:12:15,0.345
1970-01-01 00:12:16,0.036000000000000004
1970-01-01 00:12:17,-0.12300000000000001
1970-01-01 00:12:18,0.175
1970-01-01 00:12:19,0.083
1970-01-01 00:12:20,0.38299999999999995
1970-01-01 00:12:21,-0.001
1970-01-01 00:12:22,-0.166
1970-01-01 00:12:23,0.166
1970-01-01 00:12:24,0.162
1970-01-01 00:12:25,0.19399999999999998
1970-01-01 00:12:26,0.043
1970-01-01 00:12:27,-0.59
1970-01-01 00:12:28,0.045
1970-01-01 00:12:29,0.047
1970-01-01 00:12:30,0.064
1970-01-01 00:12:31,-0.161
1970-01-01 00:12:32,-0.14400000000000002
1970-01-01 00:12:33,-0.258
1970-01-01 00:12:34,-0.102
1970-01-01 00:12:35,0.08900000000000001
1970-01-01 00:12:36,-0.64
1970-01-01 00:12:37,-0.11800000000000001
1970-01-01 00:12:38,-0.294
1970-01-01 00:12:39,-0.237
1970-01-01 00:12:40,-0.187
1970-01-01 00:12:41,-0.21
1970-01-01 00:12:42,-0.33299999999999996
1970-01-01 00:12:43,0.74
1970-01-01 00:12:44,-0.228
1970-01-01 00:12:45,0.267
1970-01-01 00:12:46,0.22899999999999998
1970-01-01 00:12:47,0.152
1970-01-01 00:12:48,-0.31
1970-01-01 00:12:49,0.11599999999999999
1970-01-01 00:12:50,0.491
1970-01-01 00:12:51,-0.084
1970-01-01 00:12:52,-0.624
1970-01-01 00:12:53,0.133
1970-01-01 00:12:54,-0.446
1970-01-01 00:12:55,0.292
1970-01-01 00:12:56,-0.5479999999999999
1970-01-01 00:12:57,0.268
1970-01-01 00:12:58,0.414
1970-01-01 00:12:59,-0.43799999999999994
1970-01-01 00:13:00,-0.027999999999999997
1970-01-01 00:13:01,0.003
1970-01-01 00:13:02,-0.064
1970-01-01 00:13:03,-0.094
1970-01-01 00:13:04,-0.507
1970-01-01 00:13:05,0.022000000000000002
1970-01-01 00:13:06,-0.024
1970-01-01 00:13:07,-0.244
1970-01-01 00:13:08,-0.32299999999999995
1970-01-01 00:13:09,0.177
1970-01-01 00:13:10,-0.28300000000000003
1970-01-01 00:13:11,0.462
1970-01-01 00:13:12,-0.111
1970-01-01 00:13:13,0.128
1970-01-01 00:13:14,-0.498
1970-01-01 00:13:15,-0.138
1970-01-01 00:13:16,0.6409999999999999
1970-01-01 00:13:17,0.297
1970-01-01 00:13:18,-0.223
1970-01-01 00:13:19,-0.106
1970-01-01 00:13:20,0.153
1970-01-01 00:13:21,-0.196
1970-01-01 00:13:22,0.198
1970-01-01 00:13:23,0.158
1970-01-01 00:13:24,0.47100000000000003
1970-01-01 00:13:25,0.218
1970-01-01 00:13:26,-0.011000000000000001
1970-01-01 00:13:27,-0.635
1970-01-01 00:13:28,-0.127
1970-01-01 00:13:29,0.059000000000000004
1970-01-01 00:13:30,0.359
1970-01-01 00:13:31,-0.38299999999999995
1970-01-01 00:13:32,-0.305
1970-01-01 00:13:33,-0.139
1970-01-01 00:13:34,0.257
1970-01-01 00:13:35,-0.18
1970-01-01 00:13:36,-0.086
1970-01-01 00:13:37,0.195
1970-01-01 00:13:38,0.187
1970-01-01 00:13:39,0.32299999999999995
1970-01-01 00:13:40,0.429
1970-01-01 00:13:41,-0.278
1970-01-01 00:13:42,-0.57
1970-01-01 00:13:43,0.428
1970-01-01 00:13:44,-0.324
1970-01-01 00:13:45,0.262
1970-01-01 00:13:46,-0.085
1970-01-01 00:13:47,-0.034
1970-01-01 00:13:48,-0.08800000000000001
1970-01-01 00:13:49,0.247
1970-01-01 00:13:50,0.049
1970-01-01 00:13:51,0.905
1970-01-01 00:13:52,-0.027999999999999997
1970-01-01 00:13:53,-0.402
1970-01-01 00:13:54,0.595
1970-01-01 00:13:55,0.358
1970-01-01 00:13:56,-0.496
1970-01-01 00:13:57,-0.027999999999999997
1970-01-01 00:13:58,-0.37799999999999995
1970-01-01 00:13:59,0.196
1970-01-01 00:14:00,0.155
1970-01-01 00:14:01,0.027999999999999997
1970-01-01 00:14:02,-0.252
1970-01-01 00:14:03,0.099
1970-01-01 00:14:04,0.094
1970-01-01 00:14:05,-0.368
1970-01-01 00:14:06,-0.32
1970-01-01 00:14:07,-0.163
1970-01-01 00:14:08,-0.509
1970-01-01 00:14:09,-0.39399999999999996
1970-01-01 00:14:10,0.324
1970-01-01 00:14:11,-0.43799999999999994
1970-01-01 00:14:12,0.017
1970-01-01 00:14:13,-0.491
1970-01-01 00:14:14,-0.099
1970-01-01 00:14:15,-0.23800000000000002
1970-01-01 00:14:16,-0.324
1970-01-01 00:14:17,-0.071
1970-01-01 00:14:18,-0.5489999999999999
1970-01-01 00:14:19,0.23399999999999999
1970-01-01 00:14:20,0.38299999999999995
1970-01-01 00:14:21,0.419
1970-01-01 00:14:22,0.9209999999999999
1970-01-01 00:14:23,-0.16
1970-01-01 00:14:24,0.325
1970-01-01 00:14:25,-0.022000000000000002
1970-01-01 00:14:26,-0.078
1970-01-01 00:14:27,0.155
1970-01-01 00:14:28,-0.366
1970-01-01 00:14:29,0.42700000000000005
1970-01-01 00:14:30,-0.47
1970-01-01 00:14:31,-0.022000000000000002
1970-01-01 00:14:32,0.976
1970-01-01 00:14:33,-1.1440000000000001
1970-01-01 00:14:34,-0.11599999999999999
1970-01-01 00:14:35,-0.31
1970-01-01 00:14:36,-0.951
1970-01-01 00:14:37,-0.856
1970-01-01 00:14:38,-0.023
1970-01-01 00:14:39,-0.317
1970-01-01 00:14:40,0.125
1970-01-01 00:14:41,1.093
1970-01-01 00:14:42,-0.125
1970-01-01 00:14:43,0.19899999999999998
1970-01-01 00:14:44,0.152
1970-01-01 00:14:45,-0.505
1970-01-01 00:14:46,-0.205
1970-01-01 00:14:47,0.257
1970-01-01 00:14:48,0.005
1970-01-01 00:14:49,-0.94
1970-01-01 00:14:50,-0.203
1970-01-01 00:14:51,0.231
1970-01-01 00:14:52,0.256
1970-01-01 00:14:53,-0.606
1970-01-01 00:14:54,0.479
1970-01-01 00:14:55,-0.972
1970-01-01 00:14:56,0.40299999999999997
1970-01-01 00:14:57,-1.306
1970-01-01 00:14:58,0.267
1970-01-01 00:14:59,0.8540000000000001
1970-01-01 00:15:00,0.622
1970-01-01 00:15:01,0.165
1970-01-01 00:15:02,-0.187
1970-01-01 00:15:03,0.188
1970-01-01 00:15:04,0.068
1970-01-01 00:15:05,0.5770000000000001
1970-01-01 00:15:06,-0.183
1970-01-01 00:15:07,-0.105
1970-01-01 00:15:08,0.053
1970-01-01 00:15:09,0.075
1970-01-01 00:15:10,-0.42200000000000004
1970-01-01 00:15:11,0.392
1970-01-01 00:15:12,-0.217
1970-01-01 00:15:13,0.094
1970-01-01 00:15:14,-0.23
1970-01-01 00:15:15,0.387
1970-01-01 00:15:16,0.195
1970-01-01 00:15:17,0.091
1970-01-01 00:15:18,-0.052000000000000005
1970-01-01 00:15:19,-0.7709999999999999
1970-01-01 00:15:20,-1.0979999999999999
1970-01-01 00:15:21,-0.172
1970-01-01 00:15:22,0.16699999999999998
1970-01-01 00:15:23,-0.37799999999999995
1970-01-01 00:15:24,0.061
1970-01-01 00:15:25,-0.342
1970-01-01 00:15:26,0.32899999999999996
1970-01-01 00:15:27,-0.285
1970-01-01 00:15:28,0.597
1970-01-01 00:15:29,-0.086
1970-01-01 00:15:30,-0.868
1970-01-01 00:15:31,-0.177
1970-01-01 00:15:32,0.575
1970-01-01 00:15:33,-0.069
1970-01-01 00:15:34,0.66
1970-01-01 00:15:35,0.58
1970-01-01 00:15:36,0.15
1970-01-01 00:15:37,-0.507
1970-01-01 00:15:38,0.11
1970-01-01 00:15:39,-0.055999999999999994
1970-01-01 00:15:40,-0.076
1970-01-01 00:15:41,-0.341
1970-01-01 00:15:42,-0.028999999999999998
1970-01-01 00:15:43,-0.21100000000000002
1970-01-01 00:15:44,0.46
1970-01-01 00:15:45,-0.22899999999999998
1970-01-01 00:15:46,-0.129
1970-01-01 00:15:47,-0.516
1970-01-01 00:15:48,-0.083
1970-01-01 00:15:49,-0.5329999999999999
1970-01-01 00:15:50,-0.665
1970-01-01 00:15:51,-0.20600000000000002
1970-01-01 00:15:52,-0.228
1970-01-01 00:15:53,-0.098
1970-01-01 00:15:54,0.126
1970-01-01 00:15:55,0.21100000000000002
1970-01-01 00:15:56,0.136
1970-01-01 00:15:57,0.002
1970-01-01 00:15:58,-0.05
1970-01-01 00:15:59,-0.354
1970-01-01 00:16:00,0.083
1970-01-01 00:16:01,0.244
1970-01-01 00:16:02,0.39
1970-01-01 00:16:03,0.48200000000000004
1970-01-01 00:16:04,-0.44
1970-01-01 00:16:05,-0.271
1970-01-01 00:16:06,0.474
1970-01-01 00:16:07,-0.17300000000000001
1970-01-01 00:16:08,0.41600000000000004
1970-01-01 00:16:09,0.037000000000000005
1970-01-01 00:16:10,0.147
1970-01-01 00:16:11,-0.212
1970-01-01 00:16:12,0.175
1970-01-01 00:16:13,-0.325
1970-01-01 00:16:14,-0.209
1970-01-01 00:16:15,-0.435
1970-01-01 00:16:16,0.299
1970-01-01 00:16:17,-0.153
1970-01-01 00:16:18,-0.263
1970-01-01 00:16:19,0.235
1970-01-01 00:16:20,-0.09300000000000001
1970-01-01 00:16:21,-0.09699999999999999
1970-01-01 00:16:22,-0.298
1970-01-01 00:16:23,-0.14
1970-01-01 00:16:24,0.055
1970-01-01 00:16:25,-0.273
1970-01-01 00:16:26,-0.33899999999999997
1970-01-01 00:16:27,-0.073
1970-01-01 00:16:28,-0.046
1970-01-01 00:16:29,-0.413
1970-01-01 00:16:30,-0.13699999999999998
1970-01-01 00:16:31,0.474
1970-01-01 00:16:32,-0.6779999999999999
1970-01-01 00:16:33,-0.595
1970-01-01 00:16:34,0.24100000000000002
1970-01-01 00:16:35,-0.081
1970-01-01 00:16:36,-0.606
1970-01-01 00:16:37,-0.002
1970-01-01 00:16:38,-0.285
1970-01-01 00:16:39,-0.146
1970-01-01 00:16:40,-0.56
1970-01-01 00:16:41,-0.441
1970-01-01 00:16:42,-0.077
1970-01-01 00:16:43,0.904
1970-01-01 00:16:44,0.6559999999999999
1970-01-01 00:16:45,0.166
1970-01-01 00:16:46,-0.083
1970-01-01 00:16:47,0.222
1970-01-01 00:16:48,-0.19699999999999998
1970-01-01 00:16:49,-0.598
1970-01-01 00:16:50,-0.41
1970-01-01 00:16:51,0.426
1970-01-01 00:16:52,0.075
1970-01-01 00:16:53,-0.674
1970-01-01 00:16:54,0.307
1970-01-01 00:16:55,-0.4
1970-01-01 00:16:56,-0.158
1970-01-01 00:16:57,-0.011000000000000001
1970-01-01 00:16:58,0.052000000000000005
1970-01-01 00:16:59,-0.297
1970-01-01 00:17:00,-0.115
1970-01-01 00:17:01,-0.022000000000000002
1970-01-01 00:17:02,0.507
1970-01-01 00:17:03,-0.35700000000000004
1970-01-01 00:17:04,-0.09699999999999999
1970-01-01 00:17:05,0.44299999999999995
1970-01-01 00:17:06,-0.106
1970-01-01 00:17:07,0.313
1970-01-01 00:17:08,-0.5579999999999999
1970-01-01 00:17:09,0.43200000000000005
1970-01-01 00:17:10,0.39399999999999996
1970-01-01 00:17:11,-0.16699999999999998
1970-01-01 00:17:12,0.20800000000000002
1970-01-01 00:17:13,-0.335
1970-01-01 00:17:14,0.152
1970-01-01 00:17:15,0.094
1970-01-01 00:17:16,-0.402
1970-01-01 00:17:17,-0.233
1970-01-01 00:17:18,-0.067
1970-01-01 00:17:19,-0.604
1970-01-01 00:17:20,0.153
1970-01-01 00:17:21,0.7859999999999999
1970-01-01 00:17:22,0.15
1970-01-01 00:17:23,-0.38
1970-01-01 00:17:24,0.439
1970-01-01 00:17:25,-0.314
1970-01-01 00:17:26,-0.057999999999999996
1970-01-01 00:17:27,0.264
1970-01-01 00:17:28,0.198
1970-01-01 00:17:29,-0.534
1970-01-01 00:17:30,0.027999999999999997
1970-01-01 00:17:31,-0.073
1970-01-01 00:17:32,-0.098
1970-01-01 00:17:33,0.055999999999999994
1970-01-01 00:17:34,0.319
1970-01-01 00:17:35,-0.026000000000000002
1970-01-01 00:17:36,-0.5329999999999999
1970-01-01 00:17:37,-0.239
1970-01-01 00:17:38,-0.418
1970-01-01 00:17:39,0.191
1970-01-01 00:17:40,0.14400000000000002
1970-01-01 00:17:41,-0.5589999999999999
1970-01-01 00:17:42,-0.34700000000000003
1970-01-01 00:17:43,-0.612
1970-01-01 00:17:44,0.16699999999999998
1970-01-01 00:17:45,0.168
1970-01-01 00:17:46,-0.517
1970-01-01 00:17:47,0.15
1970-01-01 00:17:48,0.16699999999999998
1970-01-01 00:17:49,-0.508
1970-01-01 00:17:50,0.003
1970-01-01 00:17:51,0.5379999999999999
1970-01-01 00:17:52,-0.022000000000000002
1970-01-01 00:17:53,-0.187
1970-01-01 00:17:54,0.5489999999999999
1970-01-01 00:17:55,0.077
1970-01-01 00:17:56,0.33399999999999996
1970-01-01 00:17:57,0.237
1970-01-01 00:17:58,-0.07200000000000001
1970-01-01 00:17:59,0.228
1970-01-01 00:18:00,-0.364
1970-01-01 00:18:01,-0.22399999999999998
1970-01-01 00:18:02,0.321
1970-01-01 00:18:03,-0.21
1970-01-01 00:18:04,0.179
1970-01-01 00:18:05,-0.013999999999999999
1970-01-01 00:18:06,-0.105
1970-01-01 00:18:07,-0.32
1970-01-01 00:18:08,-0.09
1970-01-01 00:18:09,0.04
1970-01-01 00:18:10,0.586
1970-01-01 00:18:11,-0.08900000000000001
1970-01-01 00:18:12,0.391
1970-01-01 00:18:13,-1.0759999999999998
1970-01-01 00:18:14,-0.358
1970-01-01 00:18:15,-0.06
1970-01-01 00:18:16,-0.43200000000000005
1970-01-01 00:18:17,0.5670000000000001
1970-01-01 00:18:18,0.185
1970-01-01 00:18:19,0.51
1970-01-01 00:18:20,-0.35700000000000004
1970-01-01 00:18:21,0.114
1970-01-01 00:18:22,0.402
1970-01-01 00:18:23,-0.016
1970-01-01 00:18:24,0.021
1970-01-01 00:18:25,0.048
1970-01-01 00:18:26,-0.138
1970-01-01 00:18:27,0.242
1970-01-01 00:18:28,-0.514
1970-01-01 00:18:29,0.799
1970-01-01 00:18:30,0.509
1970-01-01 00:18:31,-0.259
1970-01-01 00:18:32,0.085
1970-01-01 00:18:33,0.036000000000000004
1970-01-01 00:18:34,0.242
1970-01-01 00:18:35,0.317
1970-01-01 00:18:36,-0.519
1970-01-01 00:18:37,0.044000000000000004
1970-01-01 00:18:38,0.35200000000000004
1970-01-01 00:18:39,0.345
1970-01-01 00:18:40,-0.121
1970-01-01 00:18:41,0.10099999999999999
1970-01-01 00:18:42,0.055999999999999994
1970-01-01 00:18:43,0.297
1970-01-01 00:18:44,-0.613
1970-01-01 00:18:45,-0.27699999999999997
1970-01-01 00:18:46,0.054000000000000006
1970-01-01 00:18:47,-0.11699999999999999
1970-01-01 00:18:48,0.146
1970-01-01 00:18:49,0.031
1970-01-01 00:18:50,0.293
1970-01-01 00:18:51,-0.633
1970-01-01 00:18:52,0.479
1970-01-01 00:18:53,0.301
1970-01-01 00:18:54,-0.18100000000000002
1970-01-01 00:18:55,0.065
1970-01-01 00:18:56,0.215
1970-01-01 00:18:57,-0.067
1970-01-01 00:18:58,-0.8170000000000001
1970-01-01 00:18:59,0.39799999999999996
1970-01-01 00:19:00,0.13
1970-01-01 00:19:01,0.096
1970-01-01 00:19:02,-0.076
1970-01-01 00:19:03,0.053
1970-01-01 00:19:04,0.425
1970-01-01 00:19:05,0.573
1970-01-01 00:19:06,0.13699999999999998
1970-01-01 00:19:07,-0.18600000000000003
1970-01-01 00:19:08,-0.8340000000000001
1970-01-01 00:19:09,-0.066
1970-01-01 00:19:10,0.066
1970-01-01 00:19:11,0.055
1970-01-01 00:19:12,-0.205
1970-01-01 00:19:13,0.391
1970-01-01 00:19:14,0.289
1970-01-01 00:19:15,0.518
1970-01-01 00:19:16,-0.196
1970-01-01 00:19:17,-0.648
1970-01-01 00:19:18,0.244
1970-01-01 00:19:19,0.175
1970-01-01 00:19:20,0.039
1970-01-01 00:19:21,0.08800000000000001
1970-01-01 00:19:22,0.237
1970-01-01 00:19:23,-0.348
1970-01-01 00:19:24,0.22899999999999998
1970-01-01 00:19:25,-0.12
1970-01-01 00:19:26,0.198
1970-01-01 00:19:27,-0.12
1970-01-01 00:19:28,0.16399999999999998
1970-01-01 00:19:29,0.095
1970-01-01 00:19:30,-0.5329999999999999
1970-01-01 00:19:31,-0.179
1970-01-01 00:19:32,-0.10400000000000001
1970-01-01 00:19:33,0.10300000000000001
1970-01-01 00:19:34,-0.40299999999999997
1970-01-01 00:19:35,-0.221
1970-01-01 00:19:36,0.3
1970-01-01 00:19:37,0.49700000000000005
1970-01-01 00:19:38,-0.502
1970-01-01 00:19:39,-0.314
1970-01-01 00:19:40,0.251
1970-01-01 00:19:41,0.34700000000000003
1970-01-01 00:19:42,0.368
1970-01-01 00:19:43,-0.6609999999999999
1970-01-01 00:19:44,0.425
1970-01-01 00:19:45,-0.298
1970-01-01 00:19:46,-0.40299999999999997
1970-01-01 00:19:47,0.145
1970-01-01 00:19:48,-0.14300000000000002
1970-01-01 00:19:49,-0.322
1970-01-01 00:19:50,0.546
1970-01-01 00:19:51,0.08199999999999999
1970-01-01 00:19:52,-0.539
1970-01-01 00:19:53,0.054000000000000006
1970-01-01 00:19:54,0.5
1970-01-01 00:19:55,-0.47600000000000003
1970-01-01 00:19:56,-0.243
1970-01-01 00:19:57,0.109
1970-01-01 00:19:58,-0.337
1970-01-01 00:19:59,-0.215
1970-01-01 00:20:00,-0.545
1970-01-01 00:20:01,0.098
1970-01-01 00:20:02,0.024
1970-01-01 00:20:03,-0.09300000000000001
1970-01-01 00:20:04,-0.391
1970-01-01 00:20:05,0.152
1970-01-01 00:20:06,-0.006999999999999999
1970-01-01 00:20:07,0.16699999999999998
1970-01-01 00:20:08,0.272
1970-01-01 00:20:09,-0.389
1970-01-01 00:20:10,-0.204
1970-01-01 00:20:11,-0.27399999999999997
1970-01-01 00:20:12,-0.066
1970-01-01 00:20:13,-0.369
1970-01-01 00:20:14,0.078
1970-01-01 00:20:15,0.013000000000000001
1970-01-01 00:20:16,-0.632
1970-01-01 00:20:17,-0.313
1970-01-01 00:20:18,-0.693
1970-01-01 00:20:19,0.34
1970-01-01 00:20:20,-0.391
1970-01-01 00:20:21,0.41600000000000004
1970-01-01 00:20:22,0.26
1970-01-01 00:20:23,0.5529999999999999
1970-01-01 00:20:24,-0.217
1970-01-01 00:20:25,0.34600000000000003
1970-01-01 00:20:26,-0.285
1970-01-01 00:20:27,0.5539999999999999
1970-01-01 00:20:28,0.261
1970-01-01 00:20:29,-0.29600000000000004
1970-01-01 00:20:30,0.256
1970-01-01 00:20:31,0.5579999999999999
1970-01-01 00:20:32,-0.11
1970-01-01 00:20:33,-0.508
1970-01-01 00:20:34,0.45299999999999996
1970-01-01 00:20:35,-0.185
1970-01-01 00:20:36,0.326
1970-01-01 00:20:37,-0.648
1970-01-01 00:20:38,0.11699999999999999
1970-01-01 00:20:39,-0.28300000000000003
1970-01-01 00:20:40,-0.011000000000000001
1970-01-01 00:20:41,0.6409999999999999
1970-01-01 00:20:42,-0.42
1970-01-01 00:20:43,-0.32
1970-01-01 00:20:44,-0.105
1970-01-01 00:20:45,-0.033
1970-01-01 00:20:46,0.348
1970-01-01 00:20:47,-0.23399999999999999
1970-01-01 00:20:48,0.9590000000000001
1970-01-01 00:20:49,-0.091
1970-01-01 00:20:50,0.153
1970-01-01 00:20:51,0.24100000000000002
1970-01-01 00:20:52,-0.042
1970-01-01 00:20:53,0.021
1970-01-01 00:20:54,0.424
1970-01-01 00:20:55,0.36200000000000004
1970-01-01 00:20:56,0.624
1970-01-01 00:20:57,-0.413
1970-01-01 00:20:58,0.159
1970-01-01 00:20:59,0.22899999999999998
1970-01-01 00:21:00,-0.298
1970-01-01 00:21:01,-0.161
1970-01-01 00:21:02,-0.131
1970-01-01 00:21:03,0.243
1970-01-01 00:21:04,-0.266
1970-01-01 00:21:05,0.107
1970-01-01 00:21:06,-0.301
1970-01-01 00:21:07,0.491
1970-01-01 00:21:08,0.163
1970-01-01 00:21:09,-0.309
1970-01-01 00:21:10,-0.271
1970-01-01 00:21:11,0.055999999999999994
1970-01-01 00:21:12,0.196
1970-01-01 00:21:13,0.226
1970-01-01 00:21:14,0.078
1970-01-01 00:21:15,-0.515
1970-01-01 00:21:16,0.132
1970-01-01 00:21:17,-0.127
1970-01-01 00:21:18,0.2
1970-01-01 00:21:19,0.19899999999999998
1970-01-01 00:21:20,-0.262
1970-01-01 00:21:21,-0.084
1970-01-01 00:21:22,0.263
1970-01-01 00:21:23,-0.16
1970-01-01 00:21:24,0.506
1970-01-01 00:21:25,-0.145
1970-01-01 00:21:26,-0.042
1970-01-01 00:21:27,0.031
1970-01-01 00:21:28,0.431
1970-01-01 00:21:29,-0.1
1970-01-01 00:21:30,0.073
1970-01-01 00:21:31,-0.096
1970-01-01 00:21:32,0.061
1970-01-01 00:21:33,0.242
1970-01-01 00:21:34,0.073
1970-01-01 00:21:35,0.198
1970-01-01 00:21:36,0.337
1970-01-01 00:21:37,-0.23199999999999998
1970-01-01 00:21:38,-0.266
1970-01-01 00:21:39,-0.083
1970-01-01 00:21:40,-0.105
1970-01-01 00:21:41,-0.5710000000000001
1970-01-01 00:21:42,-0.11199999999999999
1970-01-01 00:21:43,0.327
1970-01-01 00:21:44,0.157
1970-01-01 00:21:45,-0.19899999999999998
1970-01-01 00:21:46,0.774
1970-01-01 00:21:47,0.105
1970-01-01 00:21:48,-0.479
1970-01-01 00:21:49,-0.361
1970-01-01 00:21:50,0.23
1970-01-01 00:21:51,-0.446
1970-01-01 00:21:52,0.034
1970-01-01 00:21:53,0.794
1970-01-01 00:21:54,0.451
1970-01-01 00:21:55,-0.039
1970-01-01 00:21:56,-0.012
1970-01-01 00:21:57,0.08900000000000001
1970-01-01 00:21:58,0.152
1970-01-01 00:21:59,0.313
1970-01-01 00:22:00,0.131
1970-01-01 00:22:01,-0.196
1970-01-01 00:22:02,-0.04
1970-01-01 00:22:03,-0.149
1970-01-01 00:22:04,0.073
1970-01-01 00:22:05,0.14400000000000002
1970-01-01 00:22:06,0.226
1970-01-01 00:22:07,0.387
1970-01-01 00:22:08,0.049
1970-01-01 00:22:09,0.578
1970-01-01 00:22:10,0.073
1970-01-01 00:22:11,-0.49700000000000005
1970-01-01 00:22:12,0.222
1970-01-01 00:22:13,0.036000000000000004
1970-01-01 00:22:14,0.05
1970-01-01 00:22:15,-0.37
1970-01-01 00:22:16,0.332
1970-01-01 00:22:17,0.171
1970-01-01 00:22:18,-0.145
1970-01-01 00:22:19,0.39
1970-01-01 00:22:20,-0.10400000000000001
1970-01-01 00:22:21,-0.09300000000000001
1970-01-01 00:22:22,0.307
1970-01-01 00:22:23,0.299
1970-01-01 00:22:24,-0.19399999999999998
1970-01-01 00:22:25,-0.21600000000000003
1970-01-01 00:22:26,0.034
1970-01-01 00:22:27,-0.21899999999999997
1970-01-01 00:22:28,0.047
1970-01-01 00:22:29,0.067
1970-01-01 00:22:30,-0.187
1970-01-01 00:22:31,0.115
1970-01-01 00:22:32,0.213
1970-01-01 00:22:33,-0.037000000000000005
1970-01-01 00:22:34,0.042
1970-01-01 00:22:35,0.011000000000000001
1970-01-01 00:22:36,0.28800000000000003
1970-01-01 00:22:37,-0.215
1970-01-01 00:22:38,-0.401
1970-01-01 00:22:39,0.27
1970-01-01 00:22:40,-0.35200000000000004
1970-01-01 00:22:41,0.408
1970-01-01 00:22:42,-0.155
1970-01-01 00:22:43,0.452
1970-01-01 00:22:44,0.16699999999999998
1970-01-01 00:22:45,-0.07
1970-01-01 00:22:46,0.29600000000000004
1970-01-01 00:22:47,0.094
1970-01-01 00:22:48,0.198
1970-01-01 00:22:49,0.43200000000000005
1970-01-01 00:22:50,0.501
1970-01-01 00:22:51,0.141
1970-01-01 00:22:52,0.024
1970-01-01 00:22:53,0.087
1970-01-01 00:22:54,0.165
1970-01-01 00:22:55,0.382
1970-01-01 00:22:56,0.344
1970-01-01 00:22:57,-0.503
1970-01-01 00:22:58,0.127
1970-01-01 00:22:59,0.439
1970-01-01 00:23:00,0.073
1970-01-01 00:23:01,0.7340000000000001
1970-01-01 00:23:02,0.081
1970-01-01 00:23:03,-0.557
1970-01-01 00:23:04,-0.042
1970-01-01 00:23:05,-0.251
1970-01-01 00:23:06,-0.261
1970-01-01 00:23:07,-0.147
1970-01-01 00:23:08,0.07
1970-01-01 00:23:09,0.39899999999999997
1970-01-01 00:23:10,-0.233
1970-01-01 00:23:11,0.375
1970-01-01 00:23:12,-0.26899999999999996
1970-01-01 00:23:13,0.111
1970-01-01 00:23:14,-0.267
1970-01-01 00:23:15,0.358
1970-01-01 00:23:16,0.7140000000000001
1970-01-01 00:23:17,0.195
1970-01-01 00:23:18,-0.327
1970-01-01 00:23:19,-0.187
1970-01-01 00:23:20,-0.251
1970-01-01 00:23:21,-0.245
1970-01-01 00:23:22,0.127
1970-01-01 00:23:23,0.16899999999999998
1970-01-01 00:23:24,0.09
1970-01-01 00:23:25,-0.442
1970-01-01 00:23:26,-0.257
1970-01-01 00:23:27,-0.043
1970-01-01 00:23:28,0.012
1970-01-01 00:23:29,-0.653
1970-01-01 00:23:30,0.051
1970-01-01 00:23:31,0.27699999999999997
1970-01-01 00:23:32,0.332
1970-01-01 00:23:33,-0.33299999999999996
1970-01-01 00:23:34,0.322
1970-01-01 00:23:35,-0.16699999999999998
1970-01-01 00:23:36,-0.098
1970-01-01 00:23:37,0.057999999999999996
1970-01-01 00:23:38,-0.21100000000000002
1970-01-01 00:23:39,0.447
1970-01-01 00:23:40,0.19
1970-01-01 00:23:41,0.305
1970-01-01 00:23:42,-0.462
1970-01-01 00:23:43,-0.301
1970-01-01 00:23:44,-0.047
1970-01-01 00:23:45,-0.046
1970-01-01 00:23:46,0.168
1970-01-01 00:23:47,-0.445
1970-01-01 00:23:48,-0.534
1970-01-01 00:23:49,0.127
1970-01-01 00:23:50,-0.21100000000000002
1970-01-01 00:23:51,-0.11599999999999999
1970-01-01 00:23:52,-0.321
1970-01-01 00:23:53,0.154
1970-01-01 00:23:54,0.12
1970-01-01 00:23:55,-0.359
1970-01-01 00:23:56,0.092
1970-01-01 00:23:57,0.365
1970-01-01 00:23:58,0.109
1970-01-01 00:23:59,0.105
1970-01-01 00:24:00,0.568
1970-01-01 00:24:01,0.004
1970-01-01 00:24:02,0.028999999999999998
1970-01-01 00:24:03,0.22899999999999998
1970-01-01 00:24:04,0.023
1970-01-01 00:24:05,0.115
1970-01-01 00:24:06,-0.1
1970-01-01 00:24:07,0.205
1970-01-01 00:24:08,-0.6509999999999999
1970-01-01 00:24:09,-0.18600000000000003
1970-01-01 00:24:10,-0.106
1970-01-01 00:24:11,-0.091
1970-01-01 00:24:12,0.381
1970-01-01 00:24:13,0.17300000000000001
1970-01-01 00:24:14,-0.34
1970-01-01 00:24:15,0.064
1970-01-01 00:24:16,0.022000000000000002
1970-01-01 00:24:17,-0.455
1970-01-01 00:24:18,0.026000000000000002
1970-01-01 00:24:19,-0.5529999999999999
1970-01-01 00:24:20,0.022000000000000002
1970-01-01 00:24:21,0.316
1970-01-01 00:24:22,-1.264
1970-01-01 00:24:23,0.7759999999999999
1970-01-01 00:24:24,0.294
1970-01-01 00:24:25,0.36700000000000005
1970-01-01 00:24:26,-0.32799999999999996
1970-01-01 00:24:27,-0.392
1970-01-01 00:24:28,0.526
1970-01-01 00:24:29,-0.496
1970-01-01 00:24:30,0.496
1970-01-01 00:24:31,-0.379
1970-01-01 00:24:32,0.237
1970-01-01 00:24:33,-0.28800000000000003
1970-01-01 00:24:34,0.10800000000000001
1970-01-01 00:24:35,0.128
1970-01-01 00:24:36,0.423
1970-01-01 00:24:37,-0.542
1970-01-01 00:24:38,-0.34700000000000003
1970-01-01 00:24:39,0.153
1970-01-01 00:24:40,0.245
1970-01-01 00:24:41,0.179
1970-01-01 00:24:42,0.523
1970-01-01 00:24:43,0.368
1970-01-01 00:24:44,0.07200000000000001
1970-01-01 00:24:45,-0.48
1970-01-01 00:24:46,0.142
1970-01-01 00:24:47,-0.35100000000000003
1970-01-01 00:24:48,0.14300000000000002
1970-01-01 00:24:49,-0.309
1970-01-01 00:24:50,-0.409
1970-01-01 00:24:51,0.025
1970-01-01 00:24:52,-0.452
1970-01-01 00:24:53,0.11599999999999999
1970-01-01 00:24:54,0.098
1970-01-01 00:24:55,-0.172
1970-01-01 00:24:56,0.408
1970-01-01 00:24:57,0.205
1970-01-01 00:24:58,0.498
1970-01-01 00:24:59,0.44299999999999995
1970-01-01 00:25:00,-0.091
1970-01-01 00:25:01,-0.304
1970-01-01 00:25:02,0.8740000000000001
1970-01-01 00:25:03,0.061
1970-01-01 00:25:04,0.247
1970-01-01 00:25:05,-0.233
1970-01-01 00:25:06,-0.114
1970-01-01 00:25:07,-0.442
1970-01-01 00:25:08,0.017
1970-01-01 00:25:09,0.134
1970-01-01 00:25:10,-0.111
1970-01-01 00:25:11,0.408
1970-01-01 00:25:12,-0.257
1970-01-01 00:25:13,-0.382
1970-01-01 00:25:14,0.067
1970-01-01 00:25:15,-0.292
1970-01-01 00:25:16,-0.384
1970-01-01 00:25:17,0.33799999999999997
1970-01-01 00:25:18,0.28800000000000003
1970-01-01 00:25:19,0.519
1970-01-01 00:25:20,-0.003
1970-01-01 00:25:21,0.172
1970-01-01 00:25:22,-0.171
1970-01-01 00:25:23,0.054000000000000006
1970-01-01 00:25:24,-0.289
1970-01-01 00:25:25,-0.152
1970-01-01 00:25:26,0.6779999999999999
1970-01-01 00:25:27,0.07
1970-01-01 00:25:28,-0.262
1970-01-01 00:25:29,0.49
1970-01-01 00:25:30,-0.057
1970-01-01 00:25:31,0.46799999999999997
1970-01-01 00:25:32,-0.047
1970-01-01 00:25:33,0.10300000000000001
1970-01-01 00:25:34,0.3
1970-01-01 00:25:35,0.23800000000000002
1970-01-01 00:25:36,0.052000000000000005
1970-01-01 00:25:37,-0.221
1970-01-01 00:25:38,0.161
1970-01-01 00:25:39,-0.574
1970-01-01 00:25:40,-0.436
1970-01-01 00:25:41,0.23800000000000002
1970-01-01 00:25:42,0.313
1970-01-01 00:25:43,-0.44
1970-01-01 00:25:44,-0.249
1970-01-01 00:25:45,-0.096
1970-01-01 00:25:46,0.317
1970-01-01 00:25:47,-0.08
1970-01-01 00:25:48,-0.19699999999999998
1970-01-01 00:25:49,0.5
1970-01-01 00:25:50,0.055999999999999994
1970-01-01 00:25:51,0.02
1970-01-01 00:25:52,0.065
1970-01-01 00:25:53,-0.265
1970-01-01 00:25:54,-0.386
1970-01-01 00:25:55,-0.456
1970-01-01 00:25:56,-0.28
1970-01-01 00:25:57,0.172
1970-01-01 00:25:58,-0.124
1970-01-01 00:25:59,-0.244
1970-01-01 00:26:00,-0.44799999999999995
1970-01-01 00:26:01,-0.127
1970-01-01 00:26:02,0.003
1970-01-01 00:26:03,0.23
1970-01-01 00:26:04,0.04
1970-01-01 00:26:05,-0.094
1970-01-01 00:26:06,0.054000000000000006
1970-01-01 00:26:07,0.163
1970-01-01 00:26:08,0.285
1970-01-01 00:26:09,0.7609999999999999
1970-01-01 00:26:10,0.19899999999999998
1970-01-01 00:26:11,-0.084
1970-01-01 00:26:12,-0.574
1970-01-01 00:26:13,0.33299999999999996
1970-01-01 00:26:14,-0.371
1970-01-01 00:26:15,0.4
1970-01-01 00:26:16,1.018
1970-01-01 00:26:17,-0.151
1970-01-01 00:26:18,0.44299999999999995
1970-01-01 00:26:19,0.294
1970-01-01 00:26:20,0.078
1970-01-01 00:26:21,-0.017
1970-01-01 00:26:22,-0.121
1970-01-01 00:26:23,0.172
1970-01-01 00:26:24,-0.035
1970-01-01 00:26:25,-0.076
1970-01-01 00:26:26,0.222
1970-01-01 00:26:27,-0.23199999999999998
1970-01-01 00:26:28,-0.29
1970-01-01 00:26:29,0.506
1970-01-01 00:26:30,0.741
1970-01-01 00:26:31,0.336
1970-01-01 00:26:32,-0.337
1970-01-01 00:26:33,-0.10300000000000001
1970-01-01 00:26:34,0.606
1970-01-01 00:26:35,-0.6709999999999999
1970-01-01 00:26:36,0.17800000000000002
1970-01-01 00:26:37,0.146
1970-01-01 00:26:38,0.537
1970-01-01 00:26:39,-0.006999999999999999
1970-01-01 00:26:40,0.244
1970-01-01 00:26:41,-0.5329999999999999
1970-01-01 00:26:42,0.11800000000000001
1970-01-01 00:26:43,0.078
1970-01-01 00:26:44,-0.052000000000000005
1970-01-01 00:26:45,-0.19
1970-01-01 00:26:46,0.004
1970-01-01 00:26:47,0.423
1970-01-01 00:26:48,0.324
1970-01-01 00:26:49,-0.773
1970-01-01 00:26:50,-0.785
1970-01-01 00:26:51,0.6729999999999999
1970-01-01 00:26:52,0.16699999999999998
1970-01-01 00:26:53,1.02
1970-01-01 00:26:54,-0.145
1970-01-01 00:26:55,0.35700000000000004
1970-01-01 00:26:56,0.667
1970-01-01 00:26:57,-0.345
1970-01-01 00:26:58,-0.083
1970-01-01 00:26:59,-0.268
1970-01-01 00:27:00,0.17600000000000002
1970-01-01 00:27:01,-0.068
1970-01-01 00:27:02,0.055
1970-01-01 00:27:03,0.163
1970-01-01 00:27:04,-0.304
1970-01-01 00:27:05,-0.207
1970-01-01 00:27:06,-0.040999999999999995
1970-01-01 00:27:07,-0.516
1970-01-01 00:27:08,0.7020000000000001
1970-01-01 00:27:09,0.26899999999999996
1970-01-01 00:27:10,-0.006
1970-01-01 00:27:11,-0.152
1970-01-01 00:27:12,-0.41100000000000003
1970-01-01 00:27:13,0.043
1970-01-01 00:27:14,0.032
1970-01-01 00:27:15,0.19699999999999998
1970-01-01 00:27:16,0.18899999999999997
1970-01-01 00:27:17,0.405
1970-01-01 00:27:18,0.066
1970-01-01 00:27:19,0.384
1970-01-01 00:27:20,0.092
1970-01-01 00:27:21,0.23
1970-01-01 00:27:22,0.127
1970-01-01 00:27:23,0.29100000000000004
1970-01-01 00:27:24,-0.5379999999999999
1970-01-01 00:27:25,0.09300000000000001
1970-01-01 00:27:26,-0.19899999999999998
1970-01-01 00:27:27,-0.16399999999999998
1970-01-01 00:27:28,-0.151
1970-01-01 00:27:29,-0.009000000000000001
1970-01-01 00:27:30,0.308
1970-01-01 00:27:31,-0.679
1970-01-01 00:27:32,0.17600000000000002
1970-01-01 00:27:33,-0.51
1970-01-01 00:27:34,0.381
1970-01-01 00:27:35,0.063
1970-01-01 00:27:36,-0.08
1970-01-01 00:27:37,-0.371
1970-01-01 00:27:38,0.384
1970-01-01 00:27:39,-0.078
1970-01-01 00:27:40,0.292
1970-01-01 00:27:41,-0.055999999999999994
1970-01-01 00:27:42,0.113
1970-01-01 00:27:43,-0.009000000000000001
1970-01-01 00:27:44,-0.664
1970-01-01 00:27:45,0.33399999999999996
1970-01-01 00:27:46,-0.161
1970-01-01 00:27:47,0.175
1970-01-01 00:27:48,-0.024
1970-01-01 00:27:49,-0.038
1970-01-01 00:27:50,0.37200000000000005
1970-01-01 00:27:51,-0.14
1970-01-01 00:27:52,-0.131
1970-01-01 00:27:53,-0.342
1970-01-01 00:27:54,-0.67
1970-01-01 00:27:55,-0.043
1970-01-01 00:27:56,0.18600000000000003
1970-01-01 00:27:57,0.033
1970-01-01 00:27:58,0.168
1970-01-01 00:27:59,-0.13
1970-01-01 00:28:00,0.198
1970-01-01 00:28:01,0.5479999999999999
1970-01-01 00:28:02,-0.114
1970-01-01 00:28:03,-0.302
1970-01-01 00:28:04,-0.066
1970-01-01 00:28:05,0.396
1970-01-01 00:28:06,-0.171
1970-01-01 00:28:07,0.16699999999999998
1970-01-01 00:28:08,0.337
1970-01-01 00:28:09,0.22
1970-01-01 00:28:10,-0.204
1970-01-01 00:28:11,0.39799999999999996
1970-01-01 00:28:12,0.006999999999999999
1970-01-01 00:28:13,-0.132
1970-01-01 00:28:14,0.184
1970-01-01 00:28:15,0.47600000000000003
1970-01-01 00:28:16,-0.08800000000000001
1970-01-01 00:28:17,-0.24600000000000002
1970-01-01 00:28:18,-0.512
1970-01-01 00:28:19,-0.162
1970-01-01 00:28:20,0.168
1970-01-01 00:28:21,0.182
1970-01-01 00:28:22,0.511
1970-01-01 00:28:23,-0.358
1970-01-01 00:28:24,-0.299
1970-01-01 00:28:25,0.555
1970-01-01 00:28:26,0.067
1970-01-01 00:28:27,-0.009000000000000001
1970-01-01 00:28:28,0.223
1970-01-01 00:28:29,0.042
1970-01-01 00:28:30,-0.177
1970-01-01 00:28:31,-0.426
1970-01-01 00:28:32,-0.183
1970-01-01 00:28:33,0.602
1970-01-01 00:28:34,0.183
1970-01-01 00:28:35,-0.282
1970-01-01 00:28:36,0.025
1970-01-01 00:28:37,-0.625
1970-01-01 00:28:38,-0.405
1970-01-01 00:28:39,-0.03
1970-01-01 00:28:40,-0.083
1970-01-01 00:28:41,0.075
1970-01-01 00:28:42,0.35700000000000004
1970-01-01 00:28:43,0.531
1970-01-01 00:28:44,-0.10300000000000001
1970-01-01 00:28:45,0.14300000000000002
1970-01-01 00:28:46,-0.965
1970-01-01 00:28:47,1.081
1970-01-01 00:28:48,-0.475
1970-01-01 00:28:49,-0.281
1970-01-01 00:28:50,0.177
1970-01-01 00:28:51,0.052000000000000005
1970-01-01 00:28:52,-0.54
1970-01-01 00:28:53,-0.07200000000000001
1970-01-01 00:28:54,-0.152
1970-01-01 00:28:55,0.615
1970-01-01 00:28:56,-0.222
1970-01-01 00:28:57,-0.073
1970-01-01 00:28:58,0.18
1970-01-01 00:28:59,0.03
1970-01-01 00:29:00,-0.061
1970-01-01 00:29:01,-0.5539999999999999
1970-01-01 00:29:02,0.057
1970-01-01 00:29:03,-0.019
1970-01-01 00:29:04,-0.489
1970-01-01 00:29:05,-0.413
1970-01-01 00:29:06,-0.066
1970-01-01 00:29:07,0.113
1970-01-01 00:29:08,0.36
1970-01-01 00:29:09,-0.191
1970-01-01 00:29:10,-0.009000000000000001
1970-01-01 00:29:11,-0.11599999999999999
1970-01-01 00:29:12,0.198
1970-01-01 00:29:13,-0.28600000000000003
1970-01-01 00:29:14,0.249
1970-01-01 00:29:15,-0.01
1970-01-01 00:29:16,-0.125
1970-01-01 00:29:17,-0.29100000000000004
1970-01-01 00:29:18,0.161
1970-01-01 00:29:19,-0.261
1970-01-01 00:29:20,0.376
1970-01-01 00:29:21,0.7879999999999999
1970-01-01 00:29:22,0.06
1970-01-01 00:29:23,-0.17300000000000001
1970-01-01 00:29:24,-0.9359999999999999
1970-01-01 00:29:25,-0.076
1970-01-01 00:29:26,0.113
1970-01-01 00:29:27,-0.23199999999999998
1970-01-01 00:29:28,-0.534
1970-01-01 00:29:29,-0.109
1970-01-01 00:29:30,0.27699999999999997
1970-01-01 00:29:31,-0.302
1970-01-01 00:29:32,-0.5710000000000001
1970-01-01 00:29:33,-0.752
1970-01-01 00:29:34,-0.009000000000000001
1970-01-01 00:29:35,-0.344
1970-01-01 00:29:36,0.027000000000000003
1970-01-01 00:29:37,0.23800000000000002
1970-01-01 00:29:38,-0.35700000000000004
1970-01-01 00:29:39,-0.28800000000000003
1970-01-01 00:29:40,-0.142
1970-01-01 00:29:41,0.318
1970-01-01 00:29:42,-0.127
1970-01-01 00:29:43,0.382
1970-01-01 00:29:44,0.39399999999999996
1970-01-01 00:29:45,-0.07200000000000001
1970-01-01 00:29:46,0.063
1970-01-01 00:29:47,0.033
1970-01-01 00:29:48,0.22699999999999998
1970-01-01 00:29:49,-0.024
1970-01-01 00:29:50,-0.262
1970-01-01 00:29:51,0.442
1970-01-01 00:29:52,0.201
1970-01-01 00:29:53,-0.522
1970-01-01 00:29:54,-0.42200000000000004
1970-01-01 00:29:55,0.22699999999999998
1970-01-01 00:29:56,-0.168
1970-01-01 00:29:57,-0.846
1970-01-01 00:29:58,-0.337
1970-01-01 00:29:59,0.10400000000000001
1970-01-01 00:30:00,-0.10800000000000001
1970-01-01 00:30:01,-0.768
1970-01-01 00:30:02,0.7170000000000001
1970-01-01 00:30:03,0.268
1970-01-01 00:30:04,0.213
1970-01-01 00:30:05,0.718
1970-01-01 00:30:06,0.638
1970-01-01 00:30:07,0.07200000000000001
1970-01-01 00:30:08,0.33299999999999996
1970-01-01 00:30:09,0.35100000000000003
1970-01-01 00:30:10,-0.132
1970-01-01 00:30:11,0.067
1970-01-01 00:30:12,0.335
1970-01-01 00:30:13,0.428
1970-01-01 00:30:14,-0.354
1970-01-01 00:30:15,0.4
1970-01-01 00:30:16,0.494
1970-01-01 00:30:17,0.046
1970-01-01 00:30:18,0.894
1970-01-01 00:30:19,-0.217
1970-01-01 00:30:20,0.205
1970-01-01 00:30:21,0.13699999999999998
1970-01-01 00:30:22,0.324
1970-01-01 00:30:23,0.061
1970-01-01 00:30:24,0.092
1970-01-01 00:30:25,0.042
1970-01-01 00:30:26,-0.154
1970-01-01 00:30:27,-0.22899999999999998
1970-01-01 00:30:28,0.327
1970-01-01 00:30:29,0.078
1970-01-01 00:30:30,-0.132
1970-01-01 00:30:31,0.23600000000000002
1970-01-01 00:30:32,-0.225
1970-01-01 00:30:33,-0.42
1970-01-01 00:30:34,-0.222
1970-01-01 00:30:35,0.413
1970-01-01 00:30:36,-0.053
1970-01-01 00:30:37,-0.396
1970-01-01 00:30:38,0.063
1970-01-01 00:30:39,0.23
1970-01-01 00:30:40,0.172
1970-01-01 00:30:41,0.278
1970-01-01 00:30:42,0.05
1970-01-01 00:30:43,-0.01
1970-01-01 00:30:44,0.36200000000000004
1970-01-01 00:30:45,0.258
1970-01-01 00:30:46,0.063
1970-01-01 00:30:47,-0.017
1970-01-01 00:30:48,-0.664
1970-01-01 00:30:49,-0.091
1970-01-01 00:30:50,-0.27
1970-01-01 00:30:51,-0.08
1970-01-01 00:30:52,0.413
1970-01-01 00:30:53,0.445
1970-01-01 00:30:54,0.087
1970-01-01 00:30:55,-0.27399999999999997
1970-01-01 00:30:56,-0.205
1970-01-01 00:30:57,0.625
1970-01-01 00:30:58,0.579
1970-01-01 00:30:59,0.055
1970-01-01 00:31:00,0.052000000000000005
1970-01-01 00:31:01,-0.418
1970-01-01 00:31:02,0.406
1970-01-01 00:31:03,-0.18600000000000003
1970-01-01 00:31:04,0.22
1970-01-01 00:31:05,0.132
1970-01-01 00:31:06,0.151
1970-01-01 00:31:07,0.08900000000000001
1970-01-01 00:31:08,-0.09699999999999999
1970-01-01 00:31:09,-0.14400000000000002
1970-01-01 00:31:10,-0.264
1970-01-01 00:31:11,0.479
1970-01-01 00:31:12,-0.266
1970-01-01 00:31:13,-0.18100000000000002
1970-01-01 00:31:14,0.20800000000000002
1970-01-01 00:31:15,-0.222
1970-01-01 00:31:16,0.475
1970-01-01 00:31:17,-0.055
1970-01-01 00:31:18,0.23399999999999999
1970-01-01 00:31:19,-0.059000000000000004
1970-01-01 00:31:20,-0.185
1970-01-01 00:31:21,0.415
1970-01-01 00:31:22,-0.107
1970-01-01 00:31:23,-0.408
1970-01-01 00:31:24,-0.342
1970-01-01 00:31:25,0.126
1970-01-01 00:31:26,0.08900000000000001
1970-01-01 00:31:27,0.10400000000000001
1970-01-01 00:31:28,-0.20199999999999999
1970-01-01 00:31:29,-0.49700000000000005
1970-01-01 00:31:30,0.177
1970-01-01 00:31:31,0.017
1970-01-01 00:31:32,0.502
1970-01-01 00:31:33,0.259
1970-01-01 00:31:34,-0.71
1970-01-01 00:31:35,0.51
1970-01-01 00:31:36,-0.079
1970-01-01 00:31:37,-0.131
1970-01-01 00:31:38,-0.581
1970-01-01 00:31:39,0.45299999999999996
1970-01-01 00:31:40,0.261
1970-01-01 00:31:41,-0.11199999999999999
1970-01-01 00:31:42,-0.171
1970-01-01 00:31:43,0.024
1970-01-01 00:31:44,0.431
1970-01-01 00:31:45,0.193
1970-01-01 00:31:46,-0.14800000000000002
1970-01-01 00:31:47,-0.37200000000000005
1970-01-01 00:31:48,-0.591
1970-01-01 00:31:49,0.503
1970-01-01 00:31:50,0.025
1970-01-01 00:31:51,-0.001
1970-01-01 00:31:52,0.575
1970-01-01 00:31:53,-0.162
1970-01-01 00:31:54,-0.41
1970-01-01 00:31:55,0.003
1970-01-01 00:31:56,-0.053
1970-01-01 00:31:57,0.406
1970-01-01 00:31:58,0.29600000000000004
1970-01-01 00:31:59,-0.29100000000000004
1970-01-01 00:32:00,-0.447
1970-01-01 00:32:01,0.57
1970-01-01 00:32:02,0.146
1970-01-01 00:32:03,-0.139
1970-01-01 00:32:04,0.18600000000000003
1970-01-01 00:32:05,-0.12300000000000001
1970-01-01 00:32:06,-0.073
1970-01-01 00:32:07,-0.07400000000000001
1970-01-01 00:32:08,-0.313
1970-01-01 00:32:09,0.429
1970-01-01 00:32:10,0.085
1970-01-01 00:32:11,-0.375
1970-01-01 00:32:12,0.111
1970-01-01 00:32:13,-0.758
1970-01-01 00:32:14,0.171
1970-01-01 00:32:15,-0.08199999999999999
1970-01-01 00:32:16,-0.006
1970-01-01 00:32:17,0.02
1970-01-01 00:32:18,0.053
1970-01-01 00:32:19,-0.535
1970-01-01 00:32:20,-0.307
1970-01-01 00:32:21,0.225
1970-01-01 00:32:22,-0.6709999999999999
1970-01-01 00:32:23,-0.192
1970-01-01 00:32:24,0.157
1970-01-01 00:32:25,-0.249
1970-01-01 00:32:26,-0.5
1970-01-01 00:32:27,-0.092
1970-01-01 00:32:28,-0.285
1970-01-01 00:32:29,-0.026000000000000002
1970-01-01 00:32:30,-0.069
1970-01-01 00:32:31,-0.08
1970-01-01 00:32:32,0.325
1970-01-01 00:32:33,-0.248
1970-01-01 00:32:34,0.191
1970-01-01 00:32:35,-0.04
1970-01-01 00:32:36,-0.145
1970-01-01 00:32:37,-0.08199999999999999
1970-01-01 00:32:38,-0.209
1970-01-01 00:32:39,0.057
1970-01-01 00:32:40,0.099
1970-01-01 00:32:41,-0.027999999999999997
1970-01-01 00:32:42,0.11199999999999999
1970-01-01 00:32:43,0.391
1970-01-01 00:32:44,0.248
1970-01-01 00:32:45,0.031
1970-01-01 00:32:46,0.207
1970-01-01 00:32:47,-0.379
1970-01-01 00:32:48,-0.423
1970-01-01 00:32:49,0.342
1970-01-01 00:32:50,-0.055
1970-01-01 00:32:51,0.302
1970-01-01 00:32:52,0.253
1970-01-01 00:32:53,0.536
1970-01-01 00:32:54,0.198
1970-01-01 00:32:55,-0.341
1970-01-01 00:32:56,0.293
1970-01-01 00:32:57,0.203
1970-01-01 00:32:58,-0.037000000000000005
1970-01-01 00:32:59,0.086
1970-01-01 00:33:00,-0.13699999999999998
1970-01-01 00:33:01,-0.047
1970-01-01 00:33:02,0.335
1970-01-01 00:33:03,-0.256
1970-01-01 00:33:04,-0.165
1970-01-01 00:33:05,-0.172
1970-01-01 00:33:06,0.355
1970-01-01 00:33:07,0.008
1970-01-01 00:33:08,0.09300000000000001
1970-01-01 00:33:09,0.436
1970-01-01 00:33:10,0.139
1970-01-01 00:33:11,0.40299999999999997
1970-01-01 00:33:12,0.128
1970-01-01 00:33:13,0.14
1970-01-01 00:33:14,-0.012
1970-01-01 00:33:15,-0.231
1970-01-01 00:33:16,0.37799999999999995
1970-01-01 00:33:17,0.79
1970-01-01 00:33:18,0.23399999999999999
1970-01-01 00:33:19,0.5329999999999999
1970-01-01 00:33:20,0.38299999999999995
1970-01-01 00:33:21,-0.302
1970-01-01 00:33:22,-0.069
1970-01-01 00:33:23,0.096
1970-01-01 00:33:24,-0.027000000000000003
1970-01-01 00:33:25,-0.304
1970-01-01 00:33:26,0.016
1970-01-01 00:33:27,0.064
1970-01-01 00:33:28,-0.115
1970-01-01 00:33:29,-0.07
1970-01-01 00:33:30,-0.445
1970-01-01 00:33:31,-0.161
1970-01-01 00:33:32,0.551
1970-01-01 00:33:33,0.105
1970-01-01 00:33:34,0.012
1970-01-01 00:33:35,0.41100000000000003
1970-01-01 00:33:36,0.293
1970-01-01 00:33:37,-0.48200000000000004
1970-01-01 00:33:38,0.128
1970-01-01 00:33:39,-0.005
1970-01-01 00:33:40,0.162
1970-01-01 00:33:41,0.171
1970-01-01 00:33:42,-0.034
1970-01-01 00:33:43,-0.032
1970-01-01 00:33:44,-0.358
1970-01-01 00:33:45,-0.10400000000000001
1970-01-01 00:33:46,-0.363
1970-01-01 00:33:47,0.076
1970-01-01 00:33:48,-0.265
1970-01-01 00:33:49,-0.004
1970-01-01 00:33:50,0.071
1970-01-01 00:33:51,0.073
1970-01-01 00:33:52,-0.11800000000000001
1970-01-01 00:33:53,-0.27899999999999997
1970-01-01 00:33:54,-0.486
1970-01-01 00:33:55,-0.040999999999999995
1970-01-01 00:33:56,-0.316
1970-01-01 00:33:57,-0.111
1970-01-01 00:33:58,0.023
1970-01-01 00:33:59,0.16399999999999998
1970-01-01 00:34:00,-0.536
1970-01-01 00:34:01,-0.055999999999999994
1970-01-01 00:34:02,-0.121
1970-01-01 00:34:03,-0.091
1970-01-01 00:34:04,0.006
1970-01-01 00:34:05,-0.222
1970-01-01 00:34:06,0.564
1970-01-01 00:34:07,0.024
1970-01-01 00:34:08,-0.134
1970-01-01 00:34:09,-0.375
1970-01-01 00:34:10,-0.222
1970-01-01 00:34:11,-0.182
1970-01-01 00:34:12,-0.284
1970-01-01 00:34:13,-0.9109999999999999
1970-01-01 00:34:14,-1.614
1970-01-01 00:34:15,0.23600000000000002
1970-01-01 00:34:16,0.2
1970-01-01 00:34:17,0.07
1970-01-01 00:34:18,-0.032
1970-01-01 00:34:19,0.498
1970-01-01 00:34:20,-0.516
1970-01-01 00:34:21,-0.01
1970-01-01 00:34:22,0.009000000000000001
1970-01-01 00:34:23,-0.317
1970-01-01 00:34:24,-0.105
1970-01-01 00:34:25,-0.6579999999999999
1970-01-01 00:34:26,0.33799999999999997
1970-01-01 00:34:27,0.133
1970-01-01 00:34:28,0.22899999999999998
1970-01-01 00:34:29,0.193
1970-01-01 00:34:30,-0.039
1970-01-01 00:34:31,-0.612
1970-01-01 00:34:32,0.195
1970-01-01 00:34:33,-0.27
1970-01-01 00:34:34,-0.062
1970-01-01 00:34:35,0.085
1970-01-01 00:34:36,0.32899999999999996
1970-01-01 00:34:37,-0.018000000000000002
1970-01-01 00:34:38,-0.078
1970-01-01 00:34:39,0.387
1970-01-01 00:34:40,-0.313
1970-01-01 00:34:41,0.204
1970-01-01 00:34:42,-0.611
1970-01-01 00:34:43,0.204
1970-01-01 00:34:44,0.09
1970-01-01 00:34:45,0.08
1970-01-01 00:34:46,-0.774
1970-01-01 00:34:47,-0.387
1970-01-01 00:34:48,0.507
1970-01-01 00:34:49,-0.508
1970-01-01 00:34:50,0.19699999999999998
1970-01-01 00:34:51,0.001
1970-01-01 00:34:52,0.08800000000000001
1970-01-01 00:34:53,-0.142
1970-01-01 00:34:54,-0.317
1970-01-01 00:34:55,0.29
1970-01-01 00:34:56,0.337
1970-01-01 00:34:57,0.314
1970-01-01 00:34:58,0.006999999999999999
1970-01-01 00:34:59,-0.32899999999999996
1970-01-01 00:35:00,0.161
1970-01-01 00:35:01,0.514
1970-01-01 00:35:02,0.016
1970-01-01 00:35:03,-0.311
1970-01-01 00:35:04,-0.764
1970-01-01 00:35:05,0.218
1970-01-01 00:35:06,0.177
1970-01-01 00:35:07,-0.41
1970-01-01 00:35:08,3.093
1970-01-01 00:35:09,0.308
1970-01-01 00:35:10,-0.451
1970-01-01 00:35:11,-0.536
1970-01-01 00:35:12,-0.139
1970-01-01 00:35:13,-0.064
1970-01-01 00:35:14,0.6970000000000001
1970-01-01 00:35:15,-0.017
1970-01-01 00:35:16,-0.59
1970-01-01 00:35:17,0.046
1970-01-01 00:35:18,0.387
1970-01-01 00:35:19,-0.057
1970-01-01 00:35:20,-0.185
1970-01-01 00:35:21,-0.08199999999999999
1970-01-01 00:35:22,-0.485
1970-01-01 00:35:23,-0.258
1970-01-01 00:35:24,-0.023
1970-01-01 00:35:25,-0.08
1970-01-01 00:35:26,0.19699999999999998
1970-01-01 00:35:27,-0.575
1970-01-01 00:35:28,0.168
1970-01-01 00:35:29,0.087
1970-01-01 00:35:30,0.033
1970-01-01 00:35:31,-0.395
1970-01-01 00:35:32,-0.415
1970-01-01 00:35:33,0.155
1970-01-01 00:35:34,0.10400000000000001
1970-01-01 00:35:35,0.081
1970-01-01 00:35:36,-0.052000000000000005
1970-01-01 00:35:37,0.307
1970-01-01 00:35:38,-0.01
1970-01-01 00:35:39,-0.005
1970-01-01 00:35:40,0.42700000000000005
1970-01-01 00:35:41,-0.249
1970-01-01 00:35:42,0.321
1970-01-01 00:35:43,-0.10800000000000001
1970-01-01 00:35:44,0.28300000000000003
1970-01-01 00:35:45,0.002
1970-01-01 00:35:46,0.634
1970-01-01 00:35:47,-0.23
1970-01-01 00:35:48,-0.045
1970-01-01 00:35:49,0.344
1970-01-01 00:35:50,-0.212
1970-01-01 00:35:51,-0.10400000000000001
1970-01-01 00:35:52,0.31
1970-01-01 00:35:53,-0.087
1970-01-01 00:35:54,-0.71
1970-01-01 00:35:55,0.11900000000000001
1970-01-01 00:35:56,-0.604
1970-01-01 00:35:57,0.307
1970-01-01 00:35:58,-0.079
1970-01-01 00:35:59,-0.377
1970-01-01 00:36:00,0.38799999999999996
1970-01-01 00:36:01,-0.08900000000000001
1970-01-01 00:36:02,-0.34
1970-01-01 00:36:03,-0.111
1970-01-01 00:36:04,-0.591
1970-01-01 00:36:05,0.292
1970-01-01 00:36:06,0.498
1970-01-01 00:36:07,-0.19899999999999998
1970-01-01 00:36:08,0.485
1970-01-01 00:36:09,0.22899999999999998
1970-01-01 00:36:10,0.376
1970-01-01 00:36:11,-0.11900000000000001
1970-01-01 00:36:12,-0.261
1970-01-01 00:36:13,-0.397
1970-01-01 00:36:14,-0.016
1970-01-01 00:36:15,0.506
1970-01-01 00:36:16,-0.023
1970-01-01 00:36:17,-0.062
1970-01-01 00:36:18,-0.377
1970-01-01 00:36:19,0.159
1970-01-01 00:36:20,0.48200000000000004
1970-01-01 00:36:21,0.067
1970-01-01 00:36:22,-0.317
1970-01-01 00:36:23,0.424
1970-01-01 00:36:24,-0.635
1970-01-01 00:36:25,0.414
1970-01-01 00:36:26,0.221
1970-01-01 00:36:27,0.122
1970-01-01 00:36:28,-0.27
1970-01-01 00:36:29,-0.047
1970-01-01 00:36:30,0.052000000000000005
1970-01-01 00:36:31,0.11199999999999999
1970-01-01 00:36:32,0.9159999999999999
1970-01-01 00:36:33,-0.203
1970-01-01 00:36:34,0.094
1970-01-01 00:36:35,-0.335
1970-01-01 00:36:36,-0.047
1970-01-01 00:36:37,-0.019
1970-01-01 00:36:38,0.35
1970-01-01 00:36:39,-1.057
1970-01-01 00:36:40,-0.547
1970-01-01 00:36:41,0.413
1970-01-01 00:36:42,-0.13699999999999998
1970-01-01 00:36:43,-0.064
1970-01-01 00:36:44,-0.129
1970-01-01 00:36:45,-0.11900000000000001
1970-01-01 00:36:46,-0.364
1970-01-01 00:36:47,0.36200000000000004
1970-01-01 00:36:48,0.128
1970-01-01 00:36:49,0.33299999999999996
1970-01-01 00:36:50,0.073
1970-01-01 00:36:51,0.036000000000000004
1970-01-01 00:36:52,-0.368
1970-01-01 00:36:53,0.396
1970-01-01 00:36:54,0.317
1970-01-01 00:36:55,-0.441
1970-01-01 00:36:56,-0.073
1970-01-01 00:36:57,-0.47600000000000003
1970-01-01 00:36:58,0.348
1970-01-01 00:36:59,-0.011000000000000001
1970-01-01 00:37:00,-0.05
1970-01-01 00:37:01,-0.08
1970-01-01 00:37:02,-0.322
1970-01-01 00:37:03,0.228
1970-01-01 00:37:04,0.365
1970-01-01 00:37:05,-0.092
1970-01-01 00:37:06,0.568
1970-01-01 00:37:07,0.08900000000000001
1970-01-01 00:37:08,0.268
1970-01-01 00:37:09,0.682
1970-01-01 00:37:10,0.589
1970-01-01 00:37:11,0.132
1970-01-01 00:37:12,0.49700000000000005
1970-01-01 00:37:13,0.028999999999999998
1970-01-01 00:37:14,0.33799999999999997
1970-01-01 00:37:15,0.348
